<?xml version = '1.0' encoding = 'UTF-8'?>
<Diagram class="oracle.dbtools.crest.swingui.logical.DPVLogical" name="Logical" id="46D2DA5C-88B4-8F72-1BDF-2C88AA4461C6">
<createdBy>Yiwei</createdBy>
<modifiedBy>Yiwei</modifiedBy>
<createdTime>2018-04-19 09:45:59 UTC</createdTime>
<autoRoute>false</autoRoute>
<boxInbox>true</boxInbox>
<showLegend>true</showLegend>
<showLabels>true</showLabels>
<showRelAttributes>false</showRelAttributes>
<gridEnabled>false</gridEnabled>
<showGrid>false</showGrid>
<diagramColor>-1</diagramColor>
<display>false</display>
<notation>2</notation>
<showAllDetails>false</showAllDetails>
<showElements>true</showElements>
<objectViews>
<OView class="oracle.dbtools.crest.swingui.logical.TVEntity" oid="02F17912-CF7C-049D-C771-4DF725848B7F" otype="Entity" vid="7F5B9258-E672-AC2B-4E34-91347E7C0093">
<hideElementsInCurrentOnly>false</hideElementsInCurrentOnly>
<bounds x="922" y="402" width="106" height="41"/>
</OView>
<OView class="oracle.dbtools.crest.swingui.logical.TVEntity" oid="044D6DF8-1B24-C16F-2DC2-420A3CD5675A" otype="Entity" vid="2EA78E4B-DB7A-D271-F334-762035504062">
<hideElementsInCurrentOnly>false</hideElementsInCurrentOnly>
<bounds x="597" y="84" width="132" height="96"/>
</OView>
<OView class="oracle.dbtools.crest.swingui.logical.TVEntity" oid="0640F50E-BE1B-9913-BFE4-861319A6EFA6" otype="Entity" vid="965D2180-A359-BABF-7D79-4684C8D388E2">
<hideElementsInCurrentOnly>false</hideElementsInCurrentOnly>
<bounds x="513" y="610" width="115" height="54"/>
</OView>
<OView class="oracle.dbtools.crest.swingui.logical.TVEntity" oid="1F082333-D833-4C66-9C28-D9092C8176A4" otype="Entity" vid="48BEC186-D5C6-9E95-F134-5AC0DE270027">
<hideElementsInCurrentOnly>false</hideElementsInCurrentOnly>
<bounds x="931" y="576" width="115" height="54"/>
</OView>
<OView class="oracle.dbtools.crest.swingui.logical.TVEntity" oid="35637460-59CA-FC1C-B86B-163773E50A63" otype="Entity" vid="FE9DED32-0FE4-1F63-40E7-3CD79741359F">
<hideElementsInCurrentOnly>false</hideElementsInCurrentOnly>
<bounds x="761" y="320" width="115" height="96"/>
</OView>
<OView class="oracle.dbtools.crest.swingui.logical.TVEntity" oid="37FCE66D-5A0C-86D1-32CF-9C32D9CAC9F9" otype="Entity" vid="E8D88594-C6D8-EEA7-7BD0-98F946EB75C0">
<hideElementsInCurrentOnly>false</hideElementsInCurrentOnly>
<bounds x="431" y="61" width="96" height="54"/>
</OView>
<OView class="oracle.dbtools.crest.swingui.logical.TVEntity" oid="54BFCD80-FA00-6BA3-E515-914E2EF372F3" otype="Entity" vid="98BFAA82-CFEC-74C8-F42F-9150D8B0B8BD">
<hideElementsInCurrentOnly>false</hideElementsInCurrentOnly>
<bounds x="261" y="142" width="138" height="180"/>
</OView>
<OView class="oracle.dbtools.crest.swingui.logical.TVEntity" oid="56678407-3BE9-672D-3413-49DD11CA5FB5" otype="Entity" vid="61C0B953-74F3-2821-98B2-A7BBC9E92B2A">
<hideElementsInCurrentOnly>false</hideElementsInCurrentOnly>
<bounds x="237" y="631" width="120" height="82"/>
</OView>
<OView class="oracle.dbtools.crest.swingui.TVLegend" oid="5AD3AA0A-DF40-6527-2A04-EB798A9134C4" otype="Legend" vid="B38C0952-C6DF-E25A-4821-898D5583EEB5">
<hideElementsInCurrentOnly>false</hideElementsInCurrentOnly>
<bounds x="10" y="10" width="232" height="135"/>
</OView>
<OView class="oracle.dbtools.crest.swingui.logical.TVEntity" oid="7EB0C755-A8AC-8E1E-6263-7B90B12BF7C6" otype="Entity" vid="089E2584-4E96-3E28-03B5-666C2DD2C1D8">
<hideElementsInCurrentOnly>false</hideElementsInCurrentOnly>
<bounds x="242" y="390" width="131" height="152"/>
</OView>
<OView class="oracle.dbtools.crest.swingui.logical.TVEntity" oid="8149BB00-4CFA-ABD2-273D-BF7BC56B1F28" otype="Entity" vid="A46D8E03-D8E7-5DFC-FFBA-EEE087B0E05F">
<hideElementsInCurrentOnly>false</hideElementsInCurrentOnly>
<bounds x="747" y="560" width="134" height="166"/>
</OView>
<OView class="oracle.dbtools.crest.swingui.logical.TVEntity" oid="A912E2D3-517E-1812-C82E-08A99118C206" otype="Entity" vid="C2D9FC9A-6704-1E0B-B184-59128093CD09">
<hideElementsInCurrentOnly>false</hideElementsInCurrentOnly>
<bounds x="46" y="217" width="128" height="68"/>
</OView>
<OView class="oracle.dbtools.crest.swingui.logical.TVEntity" oid="CA6B8E05-25BB-F766-4F57-3FAD4F14176B" otype="Entity" vid="6E53A10E-6D84-349C-4AC5-FC01E4182027">
<hideElementsInCurrentOnly>false</hideElementsInCurrentOnly>
<bounds x="456" y="230" width="125" height="68"/>
</OView>
<OView class="oracle.dbtools.crest.swingui.logical.TVEntity" oid="E144AE6E-A0E3-7F06-3AB0-60C19B471E18" otype="Entity" vid="C5B8EB1E-BF01-01ED-1FAA-67C420ECD6E0">
<hideElementsInCurrentOnly>false</hideElementsInCurrentOnly>
<bounds x="513" y="706" width="116" height="96"/>
</OView>
<OView class="oracle.dbtools.crest.swingui.logical.TVEntity" oid="E4AEF2EC-753D-49A2-6E19-19A2B306815B" otype="Entity" vid="44721FC4-BCF6-7DB9-36D9-B79C520F7263">
<hideElementsInCurrentOnly>false</hideElementsInCurrentOnly>
<bounds x="525" y="505" width="105" height="54"/>
</OView>
<OView class="oracle.dbtools.crest.swingui.logical.TVEntity" oid="EA3DCC71-E48F-7592-C8C3-3B4E8EAD5C9E" otype="Entity" vid="DA68FE43-A0A6-0932-F206-5D6A4B137D1F">
<hideElementsInCurrentOnly>false</hideElementsInCurrentOnly>
<bounds x="530" y="388" width="125" height="82"/>
</OView>
<OView class="oracle.dbtools.crest.swingui.logical.TVEntity" oid="EDDDD24F-3A5E-309A-2A03-746F1B277C17" otype="Entity" vid="6F235C2A-B082-A0C4-1196-AF1CC9BBE352">
<hideElementsInCurrentOnly>false</hideElementsInCurrentOnly>
<bounds x="818" y="97" width="111" height="68"/>
</OView>
</objectViews>
<connectors>
<Connector class="oracle.dbtools.crest.swingui.logical.TVRelation" oid="21602BD2-EEF7-FE09-03BD-42D35671BDE0" otype="Relation" vid_source="DA68FE43-A0A6-0932-F206-5D6A4B137D1F" vid_target="2EA78E4B-DB7A-D271-F334-762035504062">
<hideElementsInCurrentOnly>false</hideElementsInCurrentOnly>
<backgroundColor>-16777216</backgroundColor>
<lineWidth>1</lineWidth>
<sourceLabel class="oracle.dbtools.crest.model.design.Label">
<site>0</site>
<labelBounds x="626" y="352" width="37" height="30"/>
<noBackgroundColor>true</noBackgroundColor>
<noForegroundColor>true</noForegroundColor>
</sourceLabel>
<targetLabel class="oracle.dbtools.crest.model.design.Label">
<site>2</site>
<labelBounds x="626" y="216" width="55" height="30"/>
<noBackgroundColor>true</noBackgroundColor>
<noForegroundColor>true</noForegroundColor>
</targetLabel>
<points>
<point x="626" y="388"/>
<point x="626" y="180"/>
</points>
</Connector>
<Connector class="oracle.dbtools.crest.swingui.logical.TVRelation" oid="4CF7204D-E88C-5B29-490E-138F3A61056A" otype="Relation" vid_source="98BFAA82-CFEC-74C8-F42F-9150D8B0B8BD" vid_target="089E2584-4E96-3E28-03B5-666C2DD2C1D8">
<hideElementsInCurrentOnly>false</hideElementsInCurrentOnly>
<backgroundColor>-16777216</backgroundColor>
<lineWidth>1</lineWidth>
<sourceLabel class="oracle.dbtools.crest.model.design.Label">
<site>0</site>
<labelBounds x="317" y="358" width="37" height="30"/>
<noBackgroundColor>true</noBackgroundColor>
<noForegroundColor>true</noForegroundColor>
</sourceLabel>
<targetLabel class="oracle.dbtools.crest.model.design.Label">
<site>2</site>
<labelBounds x="317" y="354" width="42" height="30"/>
<noBackgroundColor>true</noBackgroundColor>
<noForegroundColor>true</noForegroundColor>
</targetLabel>
<points>
<point x="317" y="322"/>
<point x="317" y="390"/>
</points>
</Connector>
<Connector class="oracle.dbtools.crest.swingui.logical.TVRelation" oid="51A0116B-56A8-07C3-806D-178FA7E4C742" otype="Relation" vid_source="2EA78E4B-DB7A-D271-F334-762035504062" vid_target="6F235C2A-B082-A0C4-1196-AF1CC9BBE352">
<hideElementsInCurrentOnly>false</hideElementsInCurrentOnly>
<backgroundColor>-16777216</backgroundColor>
<lineWidth>1</lineWidth>
<sourceLabel class="oracle.dbtools.crest.model.design.Label">
<site>0</site>
<labelBounds x="739" y="101" width="32" height="30"/>
<noBackgroundColor>true</noBackgroundColor>
<noForegroundColor>true</noForegroundColor>
</sourceLabel>
<targetLabel class="oracle.dbtools.crest.model.design.Label">
<site>2</site>
<labelBounds x="781" y="134" width="31" height="30"/>
<noBackgroundColor>true</noBackgroundColor>
<noForegroundColor>true</noForegroundColor>
</targetLabel>
<points>
<point x="729" y="131"/>
<point x="818" y="131"/>
</points>
</Connector>
<Connector class="oracle.dbtools.crest.swingui.logical.TVRelation" oid="8EE334EA-EC38-A628-111A-FD8B0983D32F" otype="Relation" vid_source="44721FC4-BCF6-7DB9-36D9-B79C520F7263" vid_target="965D2180-A359-BABF-7D79-4684C8D388E2">
<hideElementsInCurrentOnly>false</hideElementsInCurrentOnly>
<backgroundColor>-16777216</backgroundColor>
<lineWidth>1</lineWidth>
<sourceLabel class="oracle.dbtools.crest.model.design.Label">
<site>0</site>
<labelBounds x="576" y="595" width="41" height="30"/>
<noBackgroundColor>true</noBackgroundColor>
<noForegroundColor>true</noForegroundColor>
</sourceLabel>
<targetLabel class="oracle.dbtools.crest.model.design.Label">
<site>2</site>
<labelBounds x="576" y="572" width="26" height="32"/>
<noBackgroundColor>true</noBackgroundColor>
<noForegroundColor>true</noForegroundColor>
</targetLabel>
<points>
<point x="576" y="559"/>
<point x="576" y="610"/>
</points>
</Connector>
<Connector class="oracle.dbtools.crest.swingui.logical.TVRelation" oid="9902123A-EE87-1800-6284-01D5C7AE8C89" otype="Relation" vid_source="089E2584-4E96-3E28-03B5-666C2DD2C1D8" vid_target="DA68FE43-A0A6-0932-F206-5D6A4B137D1F">
<hideElementsInCurrentOnly>false</hideElementsInCurrentOnly>
<backgroundColor>-16777216</backgroundColor>
<lineWidth>1</lineWidth>
<sourceLabel class="oracle.dbtools.crest.model.design.Label">
<site>0</site>
<labelBounds x="383" y="393" width="50" height="30"/>
<noBackgroundColor>true</noBackgroundColor>
<noForegroundColor>true</noForegroundColor>
</sourceLabel>
<targetLabel class="oracle.dbtools.crest.model.design.Label">
<site>2</site>
<labelBounds x="487" y="426" width="37" height="30"/>
<noBackgroundColor>true</noBackgroundColor>
<noForegroundColor>true</noForegroundColor>
</targetLabel>
<points>
<point x="373" y="423"/>
<point x="530" y="423"/>
</points>
</Connector>
<Connector class="oracle.dbtools.crest.swingui.logical.TVRelation" oid="9A3BD83A-1943-C104-15A9-38A50DD3BEC6" otype="Relation" vid_source="98BFAA82-CFEC-74C8-F42F-9150D8B0B8BD" vid_target="6E53A10E-6D84-349C-4AC5-FC01E4182027">
<hideElementsInCurrentOnly>false</hideElementsInCurrentOnly>
<backgroundColor>-16777216</backgroundColor>
<lineWidth>1</lineWidth>
<sourceLabel class="oracle.dbtools.crest.model.design.Label">
<site>0</site>
<labelBounds x="409" y="239" width="48" height="30"/>
<noBackgroundColor>true</noBackgroundColor>
<noForegroundColor>true</noForegroundColor>
</sourceLabel>
<targetLabel class="oracle.dbtools.crest.model.design.Label">
<site>2</site>
<labelBounds x="424" y="272" width="26" height="30"/>
<noBackgroundColor>true</noBackgroundColor>
<noForegroundColor>true</noForegroundColor>
</targetLabel>
<points>
<point x="399" y="269"/>
<point x="456" y="269"/>
</points>
</Connector>
<Connector class="oracle.dbtools.crest.swingui.logical.TVRelation" oid="9C8DA341-42B1-414C-4CE7-F0C8B6AFED67" otype="Relation" vid_source="089E2584-4E96-3E28-03B5-666C2DD2C1D8" vid_target="61C0B953-74F3-2821-98B2-A7BBC9E92B2A">
<hideElementsInCurrentOnly>false</hideElementsInCurrentOnly>
<backgroundColor>-16777216</backgroundColor>
<lineWidth>1</lineWidth>
<sourceLabel class="oracle.dbtools.crest.model.design.Label">
<site>0</site>
<labelBounds x="270" y="572" width="43" height="24"/>
<noBackgroundColor>true</noBackgroundColor>
<noForegroundColor>true</noForegroundColor>
</sourceLabel>
<targetLabel class="oracle.dbtools.crest.model.design.Label">
<site>2</site>
<labelBounds x="271" y="595" width="34" height="30"/>
<noBackgroundColor>true</noBackgroundColor>
<noForegroundColor>true</noForegroundColor>
</targetLabel>
<points>
<point x="270" y="542"/>
<point x="271" y="631"/>
</points>
</Connector>
<Connector class="oracle.dbtools.crest.swingui.logical.TVRelation" oid="A009F4EE-EBE6-6282-06A3-4F123E7AEEAA" otype="Relation" vid_source="61C0B953-74F3-2821-98B2-A7BBC9E92B2A" vid_target="089E2584-4E96-3E28-03B5-666C2DD2C1D8">
<hideElementsInCurrentOnly>false</hideElementsInCurrentOnly>
<backgroundColor>-16777216</backgroundColor>
<lineWidth>1</lineWidth>
<sourceLabel class="oracle.dbtools.crest.model.design.Label">
<site>0</site>
<labelBounds x="314" y="587" width="58" height="30"/>
<noBackgroundColor>true</noBackgroundColor>
<noForegroundColor>true</noForegroundColor>
</sourceLabel>
<targetLabel class="oracle.dbtools.crest.model.design.Label">
<site>2</site>
<labelBounds x="314" y="602" width="38" height="30"/>
<noBackgroundColor>true</noBackgroundColor>
<noForegroundColor>true</noForegroundColor>
</targetLabel>
<points>
<point x="314" y="631"/>
<point x="314" y="542"/>
</points>
</Connector>
<Connector class="oracle.dbtools.crest.swingui.logical.TVRelation" oid="AC04EC44-4170-5D8D-0066-2685D2D5AE24" otype="Relation" vid_source="2EA78E4B-DB7A-D271-F334-762035504062" vid_target="E8D88594-C6D8-EEA7-7BD0-98F946EB75C0">
<hideElementsInCurrentOnly>false</hideElementsInCurrentOnly>
<backgroundColor>-16777216</backgroundColor>
<lineWidth>1</lineWidth>
<sourceLabel class="oracle.dbtools.crest.model.design.Label">
<site>0</site>
<labelBounds x="545" y="69" width="46" height="30"/>
<noBackgroundColor>true</noBackgroundColor>
<noForegroundColor>true</noForegroundColor>
</sourceLabel>
<targetLabel class="oracle.dbtools.crest.model.design.Label">
<site>2</site>
<labelBounds x="537" y="102" width="37" height="30"/>
<noBackgroundColor>true</noBackgroundColor>
<noForegroundColor>true</noForegroundColor>
</targetLabel>
<points>
<point x="597" y="99"/>
<point x="527" y="99"/>
</points>
</Connector>
<Connector class="oracle.dbtools.crest.swingui.logical.TVRelation" oid="AF95763E-460D-767E-71B2-22E8F63CBA89" otype="Relation" vid_source="98BFAA82-CFEC-74C8-F42F-9150D8B0B8BD" vid_target="2EA78E4B-DB7A-D271-F334-762035504062">
<hideElementsInCurrentOnly>false</hideElementsInCurrentOnly>
<backgroundColor>-16777216</backgroundColor>
<lineWidth>1</lineWidth>
<sourceLabel class="oracle.dbtools.crest.model.design.Label">
<site>0</site>
<labelBounds x="409" y="131" width="50" height="30"/>
<noBackgroundColor>true</noBackgroundColor>
<noForegroundColor>true</noForegroundColor>
</sourceLabel>
<targetLabel class="oracle.dbtools.crest.model.design.Label">
<site>2</site>
<labelBounds x="554" y="164" width="37" height="30"/>
<noBackgroundColor>true</noBackgroundColor>
<noForegroundColor>true</noForegroundColor>
</targetLabel>
<points>
<point x="399" y="161"/>
<point x="597" y="161"/>
</points>
</Connector>
<Connector class="oracle.dbtools.crest.swingui.logical.TVRelation" oid="B61921EE-1DE4-8DB5-32F6-EDDD3FD2F77D" otype="Relation" vid_source="7F5B9258-E672-AC2B-4E34-91347E7C0093" vid_target="48BEC186-D5C6-9E95-F134-5AC0DE270027">
<hideElementsInCurrentOnly>false</hideElementsInCurrentOnly>
<backgroundColor>-16777216</backgroundColor>
<lineWidth>1</lineWidth>
<sourceLabel class="oracle.dbtools.crest.model.design.Label">
<site>0</site>
<labelBounds x="979" y="479" width="70" height="30"/>
<noBackgroundColor>true</noBackgroundColor>
<noForegroundColor>true</noForegroundColor>
</sourceLabel>
<targetLabel class="oracle.dbtools.crest.model.design.Label">
<site>2</site>
<labelBounds x="979" y="540" width="31" height="30"/>
<noBackgroundColor>true</noBackgroundColor>
<noForegroundColor>true</noForegroundColor>
</targetLabel>
<points>
<point x="979" y="443"/>
<point x="979" y="576"/>
</points>
</Connector>
<Connector class="oracle.dbtools.crest.swingui.logical.TVRelation" oid="BEE939A1-9259-E2F3-D804-218D6334D52A" otype="Relation" vid_source="C2D9FC9A-6704-1E0B-B184-59128093CD09" vid_target="98BFAA82-CFEC-74C8-F42F-9150D8B0B8BD">
<hideElementsInCurrentOnly>false</hideElementsInCurrentOnly>
<backgroundColor>-16777216</backgroundColor>
<lineWidth>1</lineWidth>
<sourceLabel class="oracle.dbtools.crest.model.design.Label">
<site>0</site>
<labelBounds x="184" y="221" width="31" height="30"/>
<noBackgroundColor>true</noBackgroundColor>
<noForegroundColor>true</noForegroundColor>
</sourceLabel>
<targetLabel class="oracle.dbtools.crest.model.design.Label">
<site>2</site>
<labelBounds x="168" y="254" width="87" height="30"/>
<noBackgroundColor>true</noBackgroundColor>
<noForegroundColor>true</noForegroundColor>
</targetLabel>
<points>
<point x="174" y="251"/>
<point x="261" y="251"/>
</points>
</Connector>
<Connector class="oracle.dbtools.crest.swingui.logical.TVRelation" oid="C0C89402-FDE3-A39F-23F0-172C35B6233A" otype="Relation" vid_source="C5B8EB1E-BF01-01ED-1FAA-67C420ECD6E0" vid_target="A46D8E03-D8E7-5DFC-FFBA-EEE087B0E05F">
<hideElementsInCurrentOnly>false</hideElementsInCurrentOnly>
<backgroundColor>-16777216</backgroundColor>
<lineWidth>1</lineWidth>
<sourceLabel class="oracle.dbtools.crest.model.design.Label">
<site>0</site>
<labelBounds x="639" y="686" width="59" height="30"/>
<noBackgroundColor>true</noBackgroundColor>
<noForegroundColor>true</noForegroundColor>
</sourceLabel>
<targetLabel class="oracle.dbtools.crest.model.design.Label">
<site>2</site>
<labelBounds x="704" y="719" width="37" height="30"/>
<noBackgroundColor>true</noBackgroundColor>
<noForegroundColor>true</noForegroundColor>
</targetLabel>
<points>
<point x="629" y="716"/>
<point x="747" y="716"/>
</points>
</Connector>
<Connector class="oracle.dbtools.crest.swingui.logical.TVRelation" oid="CBC414DA-5DD9-F0DA-8826-58529D47D12D" otype="Relation" vid_source="DA68FE43-A0A6-0932-F206-5D6A4B137D1F" vid_target="6E53A10E-6D84-349C-4AC5-FC01E4182027">
<hideElementsInCurrentOnly>false</hideElementsInCurrentOnly>
<backgroundColor>-16777216</backgroundColor>
<lineWidth>1</lineWidth>
<sourceLabel class="oracle.dbtools.crest.model.design.Label">
<site>0</site>
<labelBounds x="555" y="336" width="37" height="30"/>
<noBackgroundColor>true</noBackgroundColor>
<noForegroundColor>true</noForegroundColor>
</sourceLabel>
<targetLabel class="oracle.dbtools.crest.model.design.Label">
<site>2</site>
<labelBounds x="555" y="342" width="55" height="30"/>
<noBackgroundColor>true</noBackgroundColor>
<noForegroundColor>true</noForegroundColor>
</targetLabel>
<points>
<point x="555" y="388"/>
<point x="555" y="298"/>
</points>
</Connector>
<Connector class="oracle.dbtools.crest.swingui.logical.TVRelation" oid="CE80E947-E456-BBD7-3219-1C21E26E330B" otype="Relation" vid_source="A46D8E03-D8E7-5DFC-FFBA-EEE087B0E05F" vid_target="965D2180-A359-BABF-7D79-4684C8D388E2">
<hideElementsInCurrentOnly>false</hideElementsInCurrentOnly>
<backgroundColor>-16777216</backgroundColor>
<lineWidth>1</lineWidth>
<sourceLabel class="oracle.dbtools.crest.model.design.Label">
<site>0</site>
<labelBounds x="695" y="609" width="46" height="28"/>
<noBackgroundColor>true</noBackgroundColor>
<noForegroundColor>true</noForegroundColor>
</sourceLabel>
<targetLabel class="oracle.dbtools.crest.model.design.Label">
<site>2</site>
<labelBounds x="638" y="640" width="34" height="34"/>
<noBackgroundColor>true</noBackgroundColor>
<noForegroundColor>true</noForegroundColor>
</targetLabel>
<points>
<point x="747" y="637"/>
<point x="628" y="637"/>
</points>
</Connector>
<Connector class="oracle.dbtools.crest.swingui.logical.TVRelation" oid="D4A4AE4E-5C7C-A17B-AE52-34FAB39A8293" otype="Relation" vid_source="A46D8E03-D8E7-5DFC-FFBA-EEE087B0E05F" vid_target="48BEC186-D5C6-9E95-F134-5AC0DE270027">
<hideElementsInCurrentOnly>false</hideElementsInCurrentOnly>
<backgroundColor>-16777216</backgroundColor>
<lineWidth>1</lineWidth>
<sourceLabel class="oracle.dbtools.crest.model.design.Label">
<site>0</site>
<labelBounds x="891" y="573" width="55" height="30"/>
<noBackgroundColor>true</noBackgroundColor>
<noForegroundColor>true</noForegroundColor>
</sourceLabel>
<targetLabel class="oracle.dbtools.crest.model.design.Label">
<site>2</site>
<labelBounds x="894" y="606" width="31" height="30"/>
<noBackgroundColor>true</noBackgroundColor>
<noForegroundColor>true</noForegroundColor>
</targetLabel>
<points>
<point x="881" y="603"/>
<point x="931" y="603"/>
</points>
</Connector>
<Connector class="oracle.dbtools.crest.swingui.logical.TVRelation" oid="D5E188E6-4CC1-EA50-F899-755F800C3693" otype="Relation" vid_source="A46D8E03-D8E7-5DFC-FFBA-EEE087B0E05F" vid_target="FE9DED32-0FE4-1F63-40E7-3CD79741359F">
<hideElementsInCurrentOnly>false</hideElementsInCurrentOnly>
<backgroundColor>-16777216</backgroundColor>
<lineWidth>1</lineWidth>
<sourceLabel class="oracle.dbtools.crest.model.design.Label">
<site>0</site>
<labelBounds x="818" y="500" width="31" height="30"/>
<noBackgroundColor>true</noBackgroundColor>
<noForegroundColor>true</noForegroundColor>
</sourceLabel>
<targetLabel class="oracle.dbtools.crest.model.design.Label">
<site>2</site>
<labelBounds x="818" y="452" width="37" height="30"/>
<noBackgroundColor>true</noBackgroundColor>
<noForegroundColor>true</noForegroundColor>
</targetLabel>
<points>
<point x="818" y="560"/>
<point x="818" y="416"/>
</points>
</Connector>
<Connector class="oracle.dbtools.crest.swingui.logical.TVRelation" oid="EC7F8A61-B429-ED1C-67DC-AF342F2B41BC" otype="Relation" vid_source="FE9DED32-0FE4-1F63-40E7-3CD79741359F" vid_target="DA68FE43-A0A6-0932-F206-5D6A4B137D1F">
<hideElementsInCurrentOnly>false</hideElementsInCurrentOnly>
<backgroundColor>-16777216</backgroundColor>
<lineWidth>1</lineWidth>
<sourceLabel class="oracle.dbtools.crest.model.design.Label">
<site>0</site>
<labelBounds x="724" y="365" width="31" height="30"/>
<noBackgroundColor>true</noBackgroundColor>
<noForegroundColor>true</noForegroundColor>
</sourceLabel>
<targetLabel class="oracle.dbtools.crest.model.design.Label">
<site>2</site>
<labelBounds x="665" y="398" width="37" height="30"/>
<noBackgroundColor>true</noBackgroundColor>
<noForegroundColor>true</noForegroundColor>
</targetLabel>
<points>
<point x="761" y="395"/>
<point x="655" y="395"/>
</points>
</Connector>
</connectors>
</Diagram>