<?xml version = '1.0' encoding = 'UTF-8'?>
<FKIndexAssociation class="oracle.dbtools.crest.model.design.relational.FKIndexAssociation" directorySegmentName="seg_0" id="0655B52B-055A-087D-5232-59113F765530" containerWithKeyObject="44DFFB2D-1B22-E41E-9C89-3A0942C81EC3" localFKIndex="3B566B93-BB42-B309-752C-BE74FB48F4B5" name="SUBJECTBOOK_BOOK_FK">
<createdBy>Yiwei</createdBy>
<createdTime>2018-04-19 16:37:29 UTC</createdTime>
<generatorID>D4A4AE4E-5C7C-A17B-AE52-34FAB39A8293</generatorID>
<ownerDesignName>MyModel</ownerDesignName>
<referredTableLongName>BOOK</referredTableLongName>
<deleteRule>NO ACTION</deleteRule>
<referredTableID>D7C01863-1F83-FA1D-049A-7A0DCB4D438E</referredTableID>
<keyObject>E7310443-E5FF-35D4-58DB-4F53397C54A1</keyObject>
<referredKeyID>E7310443-E5FF-35D4-58DB-4F53397C54A1</referredKeyID>
<mandatory>true</mandatory>
<refColNames>book_callno</refColNames>
<transferable>true</transferable>
<rely>false</rely>
<columnDependencyConstraintGenerateInDDL>true</columnDependencyConstraintGenerateInDDL>
</FKIndexAssociation>