<?xml version = '1.0' encoding = 'UTF-8'?>
<FKIndexAssociation class="oracle.dbtools.crest.model.design.relational.FKIndexAssociation" directorySegmentName="seg_0" id="0BAB14FE-8398-A3BF-4A67-A3E08B350880" containerWithKeyObject="D7C01863-1F83-FA1D-049A-7A0DCB4D438E" localFKIndex="831B84CD-5A96-6AA9-BA00-5FB67B723863" name="BOOK_PUBLISHER_FK">
<createdBy>Yiwei</createdBy>
<createdTime>2018-04-21 16:19:29 UTC</createdTime>
<generatorID>C0C89402-FDE3-A39F-23F0-172C35B6233A</generatorID>
<ownerDesignName>MyModel</ownerDesignName>
<referredTableLongName>PUBLISHER</referredTableLongName>
<deleteRule>NO ACTION</deleteRule>
<referredTableID>1DAC079E-C8C4-D290-3C17-2B8BFC8E3DE2</referredTableID>
<keyObject>A22794CD-9249-D016-FAB3-69B263B38851</keyObject>
<referredKeyID>A22794CD-9249-D016-FAB3-69B263B38851</referredKeyID>
<mandatory>true</mandatory>
<refColNames>pub_id</refColNames>
<transferable>true</transferable>
<rely>false</rely>
<columnDependencyConstraintGenerateInDDL>true</columnDependencyConstraintGenerateInDDL>
</FKIndexAssociation>