<?xml version = '1.0' encoding = 'UTF-8'?>
<FKIndexAssociation class="oracle.dbtools.crest.model.design.relational.FKIndexAssociation" directorySegmentName="seg_0" id="0E09FFC4-9CAA-818E-8137-52692360D086" containerWithKeyObject="C2C2BC22-2664-3B4F-37E1-176BD5A1EFF1" localFKIndex="FF4CF843-03B3-7C3C-2BAB-FF5ABE7F0E50" name="MANAGER_BRANCH_FK">
<createdBy>Yiwei</createdBy>
<createdTime>2018-04-19 16:37:29 UTC</createdTime>
<generatorID>9C8DA341-42B1-414C-4CE7-F0C8B6AFED67</generatorID>
<ownerDesignName>MyModel</ownerDesignName>
<referredTableLongName>BRANCH</referredTableLongName>
<deleteRule>NO ACTION</deleteRule>
<referredTableID>402BF47D-80E2-CD58-14CC-0B3C4AF59BB6</referredTableID>
<keyObject>A21B34A5-7782-6C7F-ACF4-A7B7CA95C918</keyObject>
<referredKeyID>A21B34A5-7782-6C7F-ACF4-A7B7CA95C918</referredKeyID>
<mandatory>true</mandatory>
<refColNames>branch_code</refColNames>
<transferable>true</transferable>
<rely>false</rely>
<columnDependencyConstraintGenerateInDDL>true</columnDependencyConstraintGenerateInDDL>
</FKIndexAssociation>