<?xml version = '1.0' encoding = 'UTF-8'?>
<FKIndexAssociation class="oracle.dbtools.crest.model.design.relational.FKIndexAssociation" directorySegmentName="seg_0" id="3787D4B8-9A4A-8B71-220E-FA5552B2ADCC" containerWithKeyObject="B616669C-E4B2-768A-1BFB-8655A8DB5FA2" localFKIndex="6014F079-44B2-0871-AFA5-F1728108D711" name="BORROWER_CLASS_FK">
<createdBy>Yiwei</createdBy>
<createdTime>2018-04-19 16:37:29 UTC</createdTime>
<generatorID>BEE939A1-9259-E2F3-D804-218D6334D52A</generatorID>
<ownerDesignName>MyModel</ownerDesignName>
<referredTableLongName>CLASS</referredTableLongName>
<deleteRule>NO ACTION</deleteRule>
<referredTableID>C097C1D2-EB46-B607-ADB5-063FB8D65679</referredTableID>
<keyObject>6C7C21BB-57E6-29A9-D9F7-B61110FE3B84</keyObject>
<referredKeyID>6C7C21BB-57E6-29A9-D9F7-B61110FE3B84</referredKeyID>
<mandatory>true</mandatory>
<refColNames>class_name</refColNames>
<transferable>true</transferable>
<rely>false</rely>
<columnDependencyConstraintGenerateInDDL>true</columnDependencyConstraintGenerateInDDL>
</FKIndexAssociation>