<?xml version = '1.0' encoding = 'UTF-8'?>
<FKIndexAssociation class="oracle.dbtools.crest.model.design.relational.FKIndexAssociation" directorySegmentName="seg_0" id="60703EDD-6685-32D0-86D9-245915F4C3F3" containerWithKeyObject="402BF47D-80E2-CD58-14CC-0B3C4AF59BB6" localFKIndex="5C9DAE0B-14E9-1FA0-F375-A61826031AEA" name="BRANCH_MANAGER_FK">
<createdBy>Yiwei</createdBy>
<createdTime>2018-04-19 16:37:29 UTC</createdTime>
<generatorID>A009F4EE-EBE6-6282-06A3-4F123E7AEEAA</generatorID>
<ownerDesignName>MyModel</ownerDesignName>
<referredTableLongName>MANAGER</referredTableLongName>
<deleteRule>NO ACTION</deleteRule>
<referredTableID>C2C2BC22-2664-3B4F-37E1-176BD5A1EFF1</referredTableID>
<keyObject>CE1B60C3-415E-29AF-F60D-492A52681C8B</keyObject>
<referredKeyID>CE1B60C3-415E-29AF-F60D-492A52681C8B</referredKeyID>
<mandatory>true</mandatory>
<refColNames>man_id</refColNames>
<transferable>true</transferable>
<rely>false</rely>
<columnDependencyConstraintGenerateInDDL>true</columnDependencyConstraintGenerateInDDL>
</FKIndexAssociation>