<?xml version = '1.0' encoding = 'UTF-8'?>
<FKIndexAssociation class="oracle.dbtools.crest.model.design.relational.FKIndexAssociation" directorySegmentName="seg_0" id="61CDAD31-B79D-01C7-CCF6-7B998C6175C2" containerWithKeyObject="D45C3A89-5FC7-7348-1E80-EC69778F0E19" localFKIndex="43B23E63-F529-56CA-0BAA-838CE95E509B" name="LOAN_BORROWER_FK">
<createdBy>Yiwei</createdBy>
<createdTime>2018-04-19 16:37:29 UTC</createdTime>
<generatorID>AF95763E-460D-767E-71B2-22E8F63CBA89</generatorID>
<ownerDesignName>MyModel</ownerDesignName>
<referredTableLongName>BORROWER</referredTableLongName>
<deleteRule>NO ACTION</deleteRule>
<referredTableID>B616669C-E4B2-768A-1BFB-8655A8DB5FA2</referredTableID>
<keyObject>AAE58BC6-C712-26AC-26DF-3AA16726A3BF</keyObject>
<referredKeyID>AAE58BC6-C712-26AC-26DF-3AA16726A3BF</referredKeyID>
<mandatory>true</mandatory>
<refColNames>bor_no</refColNames>
<transferable>true</transferable>
<rely>false</rely>
<columnDependencyConstraintGenerateInDDL>true</columnDependencyConstraintGenerateInDDL>
</FKIndexAssociation>