<?xml version = '1.0' encoding = 'UTF-8'?>
<FKIndexAssociation class="oracle.dbtools.crest.model.design.relational.FKIndexAssociation" directorySegmentName="seg_0" id="66A84F5E-F963-CD71-7ED0-EE04A4AE3E50" containerWithKeyObject="8DCB4674-90D7-CC03-AECF-BEA73FF66145" localFKIndex="77A34D5C-B5B9-C233-7131-746945DAA025" name="COPY_ISBN_FK">
<createdBy>Yiwei</createdBy>
<createdTime>2018-04-19 16:37:29 UTC</createdTime>
<generatorID>EC7F8A61-B429-ED1C-67DC-AF342F2B41BC</generatorID>
<ownerDesignName>MyModel</ownerDesignName>
<referredTableLongName>ISBN</referredTableLongName>
<deleteRule>NO ACTION</deleteRule>
<referredTableID>A9FD4ADD-1C7B-EB41-B4F3-54BCE4CA7ECC</referredTableID>
<keyObject>CC9FB6FD-1F4C-6927-C52F-54368F1C3B4B</keyObject>
<referredKeyID>CC9FB6FD-1F4C-6927-C52F-54368F1C3B4B</referredKeyID>
<mandatory>true</mandatory>
<refColNames>isbn_no</refColNames>
<transferable>true</transferable>
<rely>false</rely>
<columnDependencyConstraintGenerateInDDL>true</columnDependencyConstraintGenerateInDDL>
</FKIndexAssociation>