<?xml version = '1.0' encoding = 'UTF-8'?>
<FKIndexAssociation class="oracle.dbtools.crest.model.design.relational.FKIndexAssociation" directorySegmentName="seg_0" id="71217052-B97C-6599-59AF-5D28FD6BBFFD" containerWithKeyObject="2BB38EC0-23B3-83FC-41BF-5B4A92AC7623" localFKIndex="A4FFC750-D1C1-9BC7-4DF2-3B3C4F7C3318" name="WRITE_AUTHOR_FK">
<createdBy>Yiwei</createdBy>
<createdTime>2018-04-19 16:37:29 UTC</createdTime>
<generatorID>8EE334EA-EC38-A628-111A-FD8B0983D32F</generatorID>
<ownerDesignName>MyModel</ownerDesignName>
<referredTableLongName>AUTHOR</referredTableLongName>
<deleteRule>NO ACTION</deleteRule>
<referredTableID>A20C6F05-7924-F6FC-BAAA-2A32E9D8E06B</referredTableID>
<keyObject>60FB41E3-6466-0931-5FBA-9C28D70FA2DD</keyObject>
<referredKeyID>60FB41E3-6466-0931-5FBA-9C28D70FA2DD</referredKeyID>
<mandatory>true</mandatory>
<refColNames>aut_id</refColNames>
<transferable>true</transferable>
<rely>false</rely>
<columnDependencyConstraintGenerateInDDL>true</columnDependencyConstraintGenerateInDDL>
</FKIndexAssociation>