<?xml version = '1.0' encoding = 'UTF-8'?>
<FKIndexAssociation class="oracle.dbtools.crest.model.design.relational.FKIndexAssociation" directorySegmentName="seg_0" id="893EFB2E-3A47-B2F9-B075-1B199F6BB1B4" containerWithKeyObject="D45C3A89-5FC7-7348-1E80-EC69778F0E19" localFKIndex="2AF02413-BAF3-FA7F-8F21-1A01B4AF6447" name="LOAN_COPY_FK">
<createdBy>Yiwei</createdBy>
<createdTime>2018-04-19 16:37:29 UTC</createdTime>
<generatorID>21602BD2-EEF7-FE09-03BD-42D35671BDE0</generatorID>
<ownerDesignName>MyModel</ownerDesignName>
<referredTableLongName>COPY</referredTableLongName>
<deleteRule>NO ACTION</deleteRule>
<referredTableID>8DCB4674-90D7-CC03-AECF-BEA73FF66145</referredTableID>
<keyObject>1C95D254-299D-0EC1-0DD1-137BF42C388D</keyObject>
<referredKeyID>1C95D254-299D-0EC1-0DD1-137BF42C388D</referredKeyID>
<mandatory>true</mandatory>
<refColNames>copy_barcode</refColNames>
<transferable>true</transferable>
<rely>false</rely>
<columnDependencyConstraintGenerateInDDL>true</columnDependencyConstraintGenerateInDDL>
</FKIndexAssociation>