<?xml version = '1.0' encoding = 'UTF-8'?>
<FKIndexAssociation class="oracle.dbtools.crest.model.design.relational.FKIndexAssociation" directorySegmentName="seg_0" id="C17D08D9-9B53-8BAB-039C-9BE7048EE543" containerWithKeyObject="C80344A7-B8A4-A780-19FD-1FD97642BE38" localFKIndex="FAC95DC1-F0FB-03D7-5141-5355350D390A" name="FINE_LOAN_FK">
<createdBy>Yiwei</createdBy>
<createdTime>2018-04-19 16:37:29 UTC</createdTime>
<generatorID>51A0116B-56A8-07C3-806D-178FA7E4C742</generatorID>
<ownerDesignName>MyModel</ownerDesignName>
<referredTableLongName>LOAN</referredTableLongName>
<deleteRule>NO ACTION</deleteRule>
<referredTableID>D45C3A89-5FC7-7348-1E80-EC69778F0E19</referredTableID>
<keyObject>ED40521C-544D-064F-900C-33EECB965112</keyObject>
<referredKeyID>ED40521C-544D-064F-900C-33EECB965112</referredKeyID>
<mandatory>true</mandatory>
<refColNames>loan_no</refColNames>
<transferable>true</transferable>
<rely>false</rely>
<columnDependencyConstraintGenerateInDDL>true</columnDependencyConstraintGenerateInDDL>
</FKIndexAssociation>