<?xml version = '1.0' encoding = 'UTF-8'?>
<FKIndexAssociation class="oracle.dbtools.crest.model.design.relational.FKIndexAssociation" directorySegmentName="seg_0" id="C59EF7A3-3A75-C632-495E-C9FD1262BF64" containerWithKeyObject="8DCB4674-90D7-CC03-AECF-BEA73FF66145" localFKIndex="3A1FE979-8C8B-CBEB-4837-AEA272AEABC1" name="COPY_BRANCH_FK">
<createdBy>Yiwei</createdBy>
<createdTime>2018-04-21 16:19:29 UTC</createdTime>
<generatorID>9902123A-EE87-1800-6284-01D5C7AE8C89</generatorID>
<ownerDesignName>MyModel</ownerDesignName>
<referredTableLongName>BRANCH</referredTableLongName>
<deleteRule>NO ACTION</deleteRule>
<referredTableID>402BF47D-80E2-CD58-14CC-0B3C4AF59BB6</referredTableID>
<keyObject>A21B34A5-7782-6C7F-ACF4-A7B7CA95C918</keyObject>
<referredKeyID>A21B34A5-7782-6C7F-ACF4-A7B7CA95C918</referredKeyID>
<mandatory>true</mandatory>
<refColNames>branch_code</refColNames>
<transferable>true</transferable>
<rely>false</rely>
<columnDependencyConstraintGenerateInDDL>true</columnDependencyConstraintGenerateInDDL>
</FKIndexAssociation>