<?xml version = '1.0' encoding = 'UTF-8'?>
<FKIndexAssociation class="oracle.dbtools.crest.model.design.relational.FKIndexAssociation" directorySegmentName="seg_0" id="D14E6131-4EE0-B305-48F9-C4A6102766DD" containerWithKeyObject="44DFFB2D-1B22-E41E-9C89-3A0942C81EC3" localFKIndex="ABB95ADB-1CAA-7424-2501-DABAC1AE3FDB" name="SUBJECTBOOK_SUBJECT_FK">
<createdBy>Yiwei</createdBy>
<createdTime>2018-04-19 16:37:29 UTC</createdTime>
<generatorID>B61921EE-1DE4-8DB5-32F6-EDDD3FD2F77D</generatorID>
<ownerDesignName>MyModel</ownerDesignName>
<referredTableLongName>SUBJECT</referredTableLongName>
<deleteRule>NO ACTION</deleteRule>
<referredTableID>DBC4D94D-0037-6FBB-BE6E-57C2E9DB0167</referredTableID>
<keyObject>114D7030-2579-26C1-5167-A4BB8EEC4876</keyObject>
<referredKeyID>114D7030-2579-26C1-5167-A4BB8EEC4876</referredKeyID>
<mandatory>true</mandatory>
<refColNames>sub_name</refColNames>
<transferable>true</transferable>
<rely>false</rely>
<columnDependencyConstraintGenerateInDDL>true</columnDependencyConstraintGenerateInDDL>
</FKIndexAssociation>