<?xml version = '1.0' encoding = 'UTF-8'?>
<FKIndexAssociation class="oracle.dbtools.crest.model.design.relational.FKIndexAssociation" directorySegmentName="seg_0" id="D6020BCD-9312-B80A-0707-28318DE3FF74" containerWithKeyObject="A9FD4ADD-1C7B-EB41-B4F3-54BCE4CA7ECC" localFKIndex="73A09EFF-A8D4-26FB-D3BB-6EB0FD04A373" name="ISBN_BOOK_FK">
<createdBy>Yiwei</createdBy>
<createdTime>2018-04-19 16:37:29 UTC</createdTime>
<generatorID>D5E188E6-4CC1-EA50-F899-755F800C3693</generatorID>
<ownerDesignName>MyModel</ownerDesignName>
<referredTableLongName>BOOK</referredTableLongName>
<deleteRule>NO ACTION</deleteRule>
<referredTableID>D7C01863-1F83-FA1D-049A-7A0DCB4D438E</referredTableID>
<keyObject>E7310443-E5FF-35D4-58DB-4F53397C54A1</keyObject>
<referredKeyID>E7310443-E5FF-35D4-58DB-4F53397C54A1</referredKeyID>
<mandatory>true</mandatory>
<refColNames>book_callno</refColNames>
<transferable>true</transferable>
<rely>false</rely>
<columnDependencyConstraintGenerateInDDL>true</columnDependencyConstraintGenerateInDDL>
</FKIndexAssociation>