<?xml version = '1.0' encoding = 'UTF-8'?>
<FKIndexAssociation class="oracle.dbtools.crest.model.design.relational.FKIndexAssociation" directorySegmentName="seg_0" id="DDD5009F-B503-2E7C-0ED3-229DE077594B" containerWithKeyObject="2BB38EC0-23B3-83FC-41BF-5B4A92AC7623" localFKIndex="F9FA807E-F045-0911-B895-BC893FBCC202" name="WRITE_BOOK_FK">
<createdBy>Yiwei</createdBy>
<createdTime>2018-04-19 16:37:29 UTC</createdTime>
<generatorID>CE80E947-E456-BBD7-3219-1C21E26E330B</generatorID>
<ownerDesignName>MyModel</ownerDesignName>
<referredTableLongName>BOOK</referredTableLongName>
<deleteRule>NO ACTION</deleteRule>
<referredTableID>D7C01863-1F83-FA1D-049A-7A0DCB4D438E</referredTableID>
<keyObject>E7310443-E5FF-35D4-58DB-4F53397C54A1</keyObject>
<referredKeyID>E7310443-E5FF-35D4-58DB-4F53397C54A1</referredKeyID>
<mandatory>true</mandatory>
<refColNames>book_callno</refColNames>
<transferable>true</transferable>
<rely>false</rely>
<columnDependencyConstraintGenerateInDDL>true</columnDependencyConstraintGenerateInDDL>
</FKIndexAssociation>