<?xml version = '1.0' encoding = 'UTF-8'?>
<FKIndexAssociation class="oracle.dbtools.crest.model.design.relational.FKIndexAssociation" directorySegmentName="seg_0" id="DE61FA1E-C37D-D043-80F1-B4FA32BCFEAA" containerWithKeyObject="701F9075-461B-FCFB-18FF-0AF3627E7241" localFKIndex="108B15F5-B220-BBEC-6945-6F2C60F990E0" name="RETURN_LOAN_FK">
<createdBy>Yiwei</createdBy>
<createdTime>2018-04-19 16:37:29 UTC</createdTime>
<generatorID>AC04EC44-4170-5D8D-0066-2685D2D5AE24</generatorID>
<ownerDesignName>MyModel</ownerDesignName>
<referredTableLongName>LOAN</referredTableLongName>
<deleteRule>NO ACTION</deleteRule>
<referredTableID>D45C3A89-5FC7-7348-1E80-EC69778F0E19</referredTableID>
<keyObject>ED40521C-544D-064F-900C-33EECB965112</keyObject>
<referredKeyID>ED40521C-544D-064F-900C-33EECB965112</referredKeyID>
<mandatory>true</mandatory>
<refColNames>loan_no</refColNames>
<transferable>true</transferable>
<rely>false</rely>
<columnDependencyConstraintGenerateInDDL>true</columnDependencyConstraintGenerateInDDL>
</FKIndexAssociation>