<?xml version = '1.0' encoding = 'UTF-8'?>
<FKIndexAssociation class="oracle.dbtools.crest.model.design.relational.FKIndexAssociation" directorySegmentName="seg_0" id="E4330E18-363B-604A-854A-783E1AF1B941" containerWithKeyObject="93354FB7-B468-54B9-FBB3-90DE85263860" localFKIndex="8A7978FB-19A9-7D14-06FF-9CE2E198ECA7" name="RESERVE_BORROWER_FK">
<createdBy>Yiwei</createdBy>
<createdTime>2018-04-19 16:37:29 UTC</createdTime>
<generatorID>9A3BD83A-1943-C104-15A9-38A50DD3BEC6</generatorID>
<ownerDesignName>MyModel</ownerDesignName>
<referredTableLongName>BORROWER</referredTableLongName>
<deleteRule>NO ACTION</deleteRule>
<referredTableID>B616669C-E4B2-768A-1BFB-8655A8DB5FA2</referredTableID>
<keyObject>AAE58BC6-C712-26AC-26DF-3AA16726A3BF</keyObject>
<referredKeyID>AAE58BC6-C712-26AC-26DF-3AA16726A3BF</referredKeyID>
<mandatory>true</mandatory>
<refColNames>bor_no</refColNames>
<transferable>true</transferable>
<rely>false</rely>
<columnDependencyConstraintGenerateInDDL>true</columnDependencyConstraintGenerateInDDL>
</FKIndexAssociation>