<?xml version = '1.0' encoding = 'UTF-8'?>
<FKIndexAssociation class="oracle.dbtools.crest.model.design.relational.FKIndexAssociation" directorySegmentName="seg_0" id="F5AF3B6E-0FFF-6825-2256-E130C327D04F" containerWithKeyObject="B616669C-E4B2-768A-1BFB-8655A8DB5FA2" localFKIndex="B76C799B-77FB-2486-834E-A9FEFD78536B" name="BORROWER_BRANCH_FK">
<createdBy>Yiwei</createdBy>
<createdTime>2018-04-21 17:36:59 UTC</createdTime>
<generatorID>4CF7204D-E88C-5B29-490E-138F3A61056A</generatorID>
<ownerDesignName>MyModel</ownerDesignName>
<referredTableLongName>BRANCH</referredTableLongName>
<deleteRule>NO ACTION</deleteRule>
<referredTableID>402BF47D-80E2-CD58-14CC-0B3C4AF59BB6</referredTableID>
<keyObject>A21B34A5-7782-6C7F-ACF4-A7B7CA95C918</keyObject>
<referredKeyID>A21B34A5-7782-6C7F-ACF4-A7B7CA95C918</referredKeyID>
<mandatory>true</mandatory>
<refColNames>branch_code</refColNames>
<transferable>true</transferable>
<rely>false</rely>
<columnDependencyConstraintGenerateInDDL>true</columnDependencyConstraintGenerateInDDL>
</FKIndexAssociation>