<?xml version = '1.0' encoding = 'UTF-8'?>
<FKIndexAssociation class="oracle.dbtools.crest.model.design.relational.FKIndexAssociation" directorySegmentName="seg_0" id="FA9FC32C-AEA5-5F78-4E77-46E2350FEFAD" containerWithKeyObject="93354FB7-B468-54B9-FBB3-90DE85263860" localFKIndex="9E5CB899-1E2E-433A-FAA5-C9626A2B391A" name="RESERVE_COPY_FK">
<createdBy>Yiwei</createdBy>
<createdTime>2018-04-19 16:37:29 UTC</createdTime>
<generatorID>CBC414DA-5DD9-F0DA-8826-58529D47D12D</generatorID>
<ownerDesignName>MyModel</ownerDesignName>
<referredTableLongName>COPY</referredTableLongName>
<deleteRule>NO ACTION</deleteRule>
<referredTableID>8DCB4674-90D7-CC03-AECF-BEA73FF66145</referredTableID>
<keyObject>1C95D254-299D-0EC1-0DD1-137BF42C388D</keyObject>
<referredKeyID>1C95D254-299D-0EC1-0DD1-137BF42C388D</referredKeyID>
<mandatory>true</mandatory>
<refColNames>copy_barcode</refColNames>
<transferable>true</transferable>
<rely>false</rely>
<columnDependencyConstraintGenerateInDDL>true</columnDependencyConstraintGenerateInDDL>
</FKIndexAssociation>