<?xml version = '1.0' encoding = 'UTF-8'?>
<Table class="oracle.dbtools.crest.model.design.relational.Table" directorySegmentName="seg_0" id="1DAC079E-C8C4-D290-3C17-2B8BFC8E3DE2" name="PUBLISHER">
<createdBy>Yiwei</createdBy>
<createdTime>2018-04-21 16:19:29 UTC</createdTime>
<generatorID>E144AE6E-A0E3-7F06-3AB0-60C19B471E18</generatorID>
<ownerDesignName>MyModel</ownerDesignName>
<allowColumnReorder>false</allowColumnReorder>
<existDependencyGenerateInDDl>true</existDependencyGenerateInDDl>
<parsed>true</parsed>
<columns itemClass="oracle.dbtools.crest.model.design.relational.Column">
<Column name="pub_id" id="BCC4DFA2-6911-3429-1195-A67685B32F57">
<createdBy>Yiwei</createdBy>
<createdTime>2018-04-21 16:19:29 UTC</createdTime>
<comment>The ID number of a publiser</comment>
<commentInRDBMS>The ID number of a publiser</commentInRDBMS>
<generatorID>DEA117CF-4595-E638-A04A-224F55B9B5C3</generatorID>
<ownerDesignName>MyModel</ownerDesignName>
<useDomainConstraints>false</useDomainConstraints>
<use>1</use>
<logicalDatatype>LOGDT019</logicalDatatype>
<dataTypePrecision>7</dataTypePrecision>
<ownDataTypeParameters>,7,</ownDataTypeParameters>
<autoIncrementColumn>true</autoIncrementColumn>
<autoIncrementCycle>false</autoIncrementCycle>
<autoIncrementGenerateTrigger>false</autoIncrementGenerateTrigger>
</Column>
<Column name="pub_name" id="F7F8B11E-B54E-2301-75A0-26FF4A712963">
<createdBy>Yiwei</createdBy>
<createdTime>2018-04-21 16:19:29 UTC</createdTime>
<comment>The name of  a publisher</comment>
<commentInRDBMS>The name of  a publisher</commentInRDBMS>
<generatorID>5BCCFC04-E9AA-7EB2-1120-05AFABD0B306</generatorID>
<ownerDesignName>MyModel</ownerDesignName>
<useDomainConstraints>false</useDomainConstraints>
<use>1</use>
<logicalDatatype>LOGDT024</logicalDatatype>
<dataTypeSize>20</dataTypeSize>
<ownDataTypeParameters>20,,</ownDataTypeParameters>
<autoIncrementCycle>false</autoIncrementCycle>
</Column>
<Column name="pub_city" id="6C7612F0-E41A-9975-E97A-05E428BC1B4E">
<createdBy>Yiwei</createdBy>
<createdTime>2018-04-21 16:19:29 UTC</createdTime>
<comment>The city name of the address of a publisher</comment>
<commentInRDBMS>The city name of the address of a publisher</commentInRDBMS>
<generatorID>F84B1DEC-A9D5-144B-9D43-1BA86B28A04C</generatorID>
<ownerDesignName>MyModel</ownerDesignName>
<useDomainConstraints>false</useDomainConstraints>
<use>1</use>
<logicalDatatype>LOGDT024</logicalDatatype>
<dataTypeSize>50</dataTypeSize>
<ownDataTypeParameters>50,,</ownDataTypeParameters>
<autoIncrementCycle>false</autoIncrementCycle>
</Column>
<Column name="pub_state" id="E793AE61-ADF3-F7EC-C6F1-E817245311BD">
<createdBy>Yiwei</createdBy>
<createdTime>2018-04-21 16:19:29 UTC</createdTime>
<comment>The state name of the address of a publisher</comment>
<commentInRDBMS>The state name of the address of a publisher</commentInRDBMS>
<generatorID>D7780314-5379-3666-9BAA-B4D224D05189</generatorID>
<ownerDesignName>MyModel</ownerDesignName>
<useDomainConstraints>false</useDomainConstraints>
<use>1</use>
<logicalDatatype>LOGDT024</logicalDatatype>
<dataTypeSize>50</dataTypeSize>
<ownDataTypeParameters>50,,</ownDataTypeParameters>
<autoIncrementCycle>false</autoIncrementCycle>
</Column>
<Column name="pub_country" id="364C5DB5-39B9-20DD-5364-F09BC1C6C2C7">
<createdBy>Yiwei</createdBy>
<createdTime>2018-04-21 16:19:29 UTC</createdTime>
<comment>The country name of the address of a publisher</comment>
<commentInRDBMS>The country name of the address of a publisher</commentInRDBMS>
<generatorID>1E25E913-7869-689C-C95A-D7CC78D0C355</generatorID>
<ownerDesignName>MyModel</ownerDesignName>
<useDomainConstraints>false</useDomainConstraints>
<use>1</use>
<logicalDatatype>LOGDT024</logicalDatatype>
<dataTypeSize>50</dataTypeSize>
<ownDataTypeParameters>50,,</ownDataTypeParameters>
<autoIncrementCycle>false</autoIncrementCycle>
</Column>
</columns>
<indexes itemClass="oracle.dbtools.crest.model.design.relational.Index">
<ind_PK_UK id="A22794CD-9249-D016-FAB3-69B263B38851" name="PUBLISHER_PK">
<createdBy>Yiwei</createdBy>
<createdTime>2018-04-21 16:19:29 UTC</createdTime>
<generatorID>80CFA986-4997-2CEA-DAC8-2A98312CDD9B</generatorID>
<ownerDesignName>MyModel</ownerDesignName>
<pk>true</pk>
<indexState>Primary Constraint</indexState>
<isSurrogateKey>false</isSurrogateKey>
<indexColumnUsage>
<colUsage columnID="BCC4DFA2-6911-3429-1195-A67685B32F57"/>
</indexColumnUsage>
</ind_PK_UK>
</indexes>
</Table>