<?xml version = '1.0' encoding = 'UTF-8'?>
<Table class="oracle.dbtools.crest.model.design.relational.Table" directorySegmentName="seg_0" id="2BB38EC0-23B3-83FC-41BF-5B4A92AC7623" name="WRITE">
<createdBy>Yiwei</createdBy>
<createdTime>2018-04-19 16:37:29 UTC</createdTime>
<generatorID>0640F50E-BE1B-9913-BFE4-861319A6EFA6</generatorID>
<ownerDesignName>MyModel</ownerDesignName>
<allowColumnReorder>false</allowColumnReorder>
<existDependencyGenerateInDDl>true</existDependencyGenerateInDDl>
<parsed>true</parsed>
<columns itemClass="oracle.dbtools.crest.model.design.relational.Column">
<Column name="book_callno" id="352C39B3-8C46-D982-42D1-BE2A9D0B3E59">
<createdBy>Yiwei</createdBy>
<createdTime>2018-04-19 16:37:29 UTC</createdTime>
<comment>The information held about a title is its Dewey Decimal call no (20 characters) - this call no is used to identify a particular title and for shelving books.</comment>
<commentInRDBMS>The information held about a title is its Dewey Decimal call no (20 characters) - this call no is used to identify a particular title and for shelving books.</commentInRDBMS>
<generatorID>81A75F90-7087-F552-C941-EE2ED9A6F819</generatorID>
<ownerDesignName>MyModel</ownerDesignName>
<useDomainConstraints>false</useDomainConstraints>
<use>1</use>
<logicalDatatype>LOGDT025</logicalDatatype>
<dataTypeSize>20</dataTypeSize>
<ownDataTypeParameters>,,</ownDataTypeParameters>
<previousColumn>false</previousColumn>
<autoIncrementCycle>false</autoIncrementCycle>
<associations>
<colAssociation fkAssociation="DDD5009F-B503-2E7C-0ED3-229DE077594B" referredColumn="691CC9F7-611C-C141-1AEF-06D420DD0043"/>
</associations>
</Column>
<Column name="aut_id" id="31C6220B-D2C9-E7FB-3068-32ED4F5D01FB">
<createdBy>Yiwei</createdBy>
<createdTime>2018-04-19 16:37:29 UTC</createdTime>
<comment>The id number of an author</comment>
<commentInRDBMS>The id number of an author</commentInRDBMS>
<generatorID>3B25A981-7FF4-D8FF-A5E6-744A785DC6A9</generatorID>
<ownerDesignName>MyModel</ownerDesignName>
<useDomainConstraints>false</useDomainConstraints>
<use>1</use>
<logicalDatatype>LOGDT019</logicalDatatype>
<dataTypePrecision>10</dataTypePrecision>
<ownDataTypeParameters>,,</ownDataTypeParameters>
<previousColumn>false</previousColumn>
<autoIncrementCycle>false</autoIncrementCycle>
<associations>
<colAssociation fkAssociation="71217052-B97C-6599-59AF-5D28FD6BBFFD" referredColumn="87161A6D-FB15-8408-D735-ED6EFE3AE0E4"/>
</associations>
</Column>
</columns>
<indexes itemClass="oracle.dbtools.crest.model.design.relational.Index">
<ind_PK_UK id="91B09D30-0E0E-0812-C9FB-7044AD11526C" name="WRITE_PK">
<createdBy>Yiwei</createdBy>
<createdTime>2018-04-19 16:37:29 UTC</createdTime>
<generatorID>0CC0CF9A-2E53-17A1-92F4-F1B76EED47DF</generatorID>
<ownerDesignName>MyModel</ownerDesignName>
<pk>true</pk>
<indexState>Primary Constraint</indexState>
<isSurrogateKey>false</isSurrogateKey>
<indexColumnUsage>
<colUsage columnID="352C39B3-8C46-D982-42D1-BE2A9D0B3E59"/>
<colUsage columnID="31C6220B-D2C9-E7FB-3068-32ED4F5D01FB"/>
</indexColumnUsage>
</ind_PK_UK>
<ind_PK_UK id="F9FA807E-F045-0911-B895-BC893FBCC202" name="WRITE_BOOK_FK">
<createdBy>Yiwei</createdBy>
<createdTime>2018-04-19 16:37:29 UTC</createdTime>
<generatorID>CE80E947-E456-BBD7-3219-1C21E26E330B</generatorID>
<ownerDesignName>MyModel</ownerDesignName>
<indexState>Foreign Key</indexState>
<isSurrogateKey>false</isSurrogateKey>
<indexColumnUsage>
<colUsage columnID="352C39B3-8C46-D982-42D1-BE2A9D0B3E59"/>
</indexColumnUsage>
</ind_PK_UK>
<ind_PK_UK id="A4FFC750-D1C1-9BC7-4DF2-3B3C4F7C3318" name="WRITE_AUTHOR_FK">
<createdBy>Yiwei</createdBy>
<createdTime>2018-04-19 16:37:29 UTC</createdTime>
<generatorID>8EE334EA-EC38-A628-111A-FD8B0983D32F</generatorID>
<ownerDesignName>MyModel</ownerDesignName>
<indexState>Foreign Key</indexState>
<isSurrogateKey>false</isSurrogateKey>
<indexColumnUsage>
<colUsage columnID="31C6220B-D2C9-E7FB-3068-32ED4F5D01FB"/>
</indexColumnUsage>
</ind_PK_UK>
</indexes>
</Table>