<?xml version = '1.0' encoding = 'UTF-8'?>
<Table class="oracle.dbtools.crest.model.design.relational.Table" directorySegmentName="seg_0" id="402BF47D-80E2-CD58-14CC-0B3C4AF59BB6" name="BRANCH">
<createdBy>Yiwei</createdBy>
<createdTime>2018-04-19 16:37:29 UTC</createdTime>
<generatorID>7EB0C755-A8AC-8E1E-6263-7B90B12BF7C6</generatorID>
<ownerDesignName>MyModel</ownerDesignName>
<allowColumnReorder>false</allowColumnReorder>
<existDependencyGenerateInDDl>true</existDependencyGenerateInDDl>
<parsed>true</parsed>
<columns itemClass="oracle.dbtools.crest.model.design.relational.Column">
<Column name="branch_code" id="FA51D093-E4C3-0BCF-D06E-FFEFC5BD15C8">
<createdBy>Yiwei</createdBy>
<createdTime>2018-04-19 16:37:29 UTC</createdTime>
<comment>For each branch Monash Library Services assigns a branch code</comment>
<commentInRDBMS>For each branch Monash Library Services assigns a branch code</commentInRDBMS>
<generatorID>7B642930-5683-42BD-FFC6-78EDE8B2FDD3</generatorID>
<ownerDesignName>MyModel</ownerDesignName>
<useDomainConstraints>false</useDomainConstraints>
<use>1</use>
<logicalDatatype>LOGDT019</logicalDatatype>
<dataTypePrecision>5</dataTypePrecision>
<ownDataTypeParameters>,5,</ownDataTypeParameters>
<autoIncrementColumn>true</autoIncrementColumn>
<autoIncrementStartWith>100</autoIncrementStartWith>
<autoIncrementCycle>false</autoIncrementCycle>
<autoIncrementGenerateTrigger>false</autoIncrementGenerateTrigger>
</Column>
<Column name="branch_name" id="3503187F-95AA-77C0-EDFD-9C783C7DECBC">
<createdBy>Yiwei</createdBy>
<createdTime>2018-04-19 16:37:29 UTC</createdTime>
<comment>The name of a  library branch</comment>
<commentInRDBMS>The name of a  library branch</commentInRDBMS>
<generatorID>9181CECD-E03F-1AA7-3409-45B4AE293C26</generatorID>
<ownerDesignName>MyModel</ownerDesignName>
<useDomainConstraints>false</useDomainConstraints>
<use>1</use>
<logicalDatatype>LOGDT024</logicalDatatype>
<dataTypeSize>50</dataTypeSize>
<ownDataTypeParameters>50,,</ownDataTypeParameters>
<autoIncrementCycle>false</autoIncrementCycle>
</Column>
<Column name="branch_phone" id="410B4AA2-120B-0615-8C99-29EF90E83920">
<createdBy>Yiwei</createdBy>
<createdTime>2018-04-19 16:37:29 UTC</createdTime>
<comment>The phone number of a libray branch</comment>
<commentInRDBMS>The phone number of a libray branch</commentInRDBMS>
<generatorID>E37A6766-5ED6-34C6-22C3-9966AA45E59C</generatorID>
<ownerDesignName>MyModel</ownerDesignName>
<useDomainConstraints>false</useDomainConstraints>
<use>1</use>
<logicalDatatype>LOGDT019</logicalDatatype>
<dataTypePrecision>10</dataTypePrecision>
<ownDataTypeParameters>,10,</ownDataTypeParameters>
<autoIncrementCycle>false</autoIncrementCycle>
</Column>
<Column name="branch_addno" id="A6480486-EE30-494A-7468-265A71E18F78">
<createdBy>Yiwei</createdBy>
<createdTime>2018-04-19 16:37:29 UTC</createdTime>
<comment>The address number of a library branch</comment>
<commentInRDBMS>The address number of a library branch</commentInRDBMS>
<generatorID>C57C2255-2388-F46E-2A48-17B44FB6677E</generatorID>
<ownerDesignName>MyModel</ownerDesignName>
<useDomainConstraints>false</useDomainConstraints>
<use>1</use>
<logicalDatatype>LOGDT019</logicalDatatype>
<dataTypePrecision>5</dataTypePrecision>
<ownDataTypeParameters>,5,</ownDataTypeParameters>
<autoIncrementCycle>false</autoIncrementCycle>
</Column>
<Column name="branch_road" id="D0F47A04-9750-FDFB-79A8-CB8738D7CC3F">
<createdBy>Yiwei</createdBy>
<createdTime>2018-04-19 16:37:29 UTC</createdTime>
<comment>The road name of the address of a library branch</comment>
<commentInRDBMS>The road name of the address of a library branch</commentInRDBMS>
<generatorID>40716D61-DA9D-BF3F-2465-A1F4A717EE04</generatorID>
<ownerDesignName>MyModel</ownerDesignName>
<useDomainConstraints>false</useDomainConstraints>
<use>1</use>
<logicalDatatype>LOGDT024</logicalDatatype>
<dataTypeSize>50</dataTypeSize>
<ownDataTypeParameters>50,,</ownDataTypeParameters>
<autoIncrementCycle>false</autoIncrementCycle>
</Column>
<Column name="branch_city" id="F4489875-0388-B89B-DD6B-A2A54FD2F74F">
<createdBy>Yiwei</createdBy>
<createdTime>2018-04-19 16:37:29 UTC</createdTime>
<comment>The city name of the address of a library branch</comment>
<commentInRDBMS>The city name of the address of a library branch</commentInRDBMS>
<generatorID>79BC56AB-3689-4C37-C2E0-A2C9E1DE60BB</generatorID>
<ownerDesignName>MyModel</ownerDesignName>
<useDomainConstraints>false</useDomainConstraints>
<use>1</use>
<logicalDatatype>LOGDT024</logicalDatatype>
<dataTypeSize>50</dataTypeSize>
<ownDataTypeParameters>50,,</ownDataTypeParameters>
<autoIncrementCycle>false</autoIncrementCycle>
</Column>
<Column name="branch_state" id="3B423102-99A8-978D-7967-BB79615D6488">
<createdBy>Yiwei</createdBy>
<createdTime>2018-04-19 16:37:29 UTC</createdTime>
<comment>The state name of the address of a library branch</comment>
<commentInRDBMS>The state name of the address of a library branch</commentInRDBMS>
<generatorID>DDB7511E-B8D3-8313-D578-9D49D8034B4E</generatorID>
<ownerDesignName>MyModel</ownerDesignName>
<useDomainConstraints>false</useDomainConstraints>
<use>1</use>
<logicalDatatype>LOGDT024</logicalDatatype>
<dataTypeSize>50</dataTypeSize>
<ownDataTypeParameters>50,,</ownDataTypeParameters>
<autoIncrementCycle>false</autoIncrementCycle>
</Column>
<Column name="branch_country" id="61CED653-A6C9-4D7C-CFA5-63B4236FBAAD">
<createdBy>Yiwei</createdBy>
<createdTime>2018-04-19 16:37:29 UTC</createdTime>
<comment>The country name of the address of a library branch</comment>
<commentInRDBMS>The country name of the address of a library branch</commentInRDBMS>
<generatorID>6FBFD772-A101-948C-61D1-17B0E94A6B94</generatorID>
<ownerDesignName>MyModel</ownerDesignName>
<useDomainConstraints>false</useDomainConstraints>
<use>1</use>
<logicalDatatype>LOGDT024</logicalDatatype>
<dataTypeSize>50</dataTypeSize>
<ownDataTypeParameters>50,,</ownDataTypeParameters>
<autoIncrementCycle>false</autoIncrementCycle>
</Column>
<Column name="man_id" id="F4DA965F-B5B0-AF26-1964-8582491D5E19">
<createdBy>Yiwei</createdBy>
<createdTime>2018-04-19 16:37:29 UTC</createdTime>
<comment>Each manager is assigned a manger id</comment>
<commentInRDBMS>Each manager is assigned a manger id</commentInRDBMS>
<generatorID>479E832D-89A7-161C-9DC3-4D8871026C8C</generatorID>
<ownerDesignName>MyModel</ownerDesignName>
<useDomainConstraints>false</useDomainConstraints>
<use>1</use>
<logicalDatatype>LOGDT019</logicalDatatype>
<dataTypePrecision>7</dataTypePrecision>
<ownDataTypeParameters>,7,</ownDataTypeParameters>
<previousColumn>false</previousColumn>
<autoIncrementCycle>false</autoIncrementCycle>
<associations>
<colAssociation fkAssociation="60703EDD-6685-32D0-86D9-245915F4C3F3" referredColumn="871B8C1A-B4C4-C130-423B-C0D18F6E92D0"/>
</associations>
</Column>
</columns>
<indexes itemClass="oracle.dbtools.crest.model.design.relational.Index">
<ind_PK_UK id="A21B34A5-7782-6C7F-ACF4-A7B7CA95C918" name="BRANCH_PK">
<createdBy>Yiwei</createdBy>
<createdTime>2018-04-19 16:37:29 UTC</createdTime>
<generatorID>C5FEEE0A-6437-585F-C614-07D3C17BA257</generatorID>
<ownerDesignName>MyModel</ownerDesignName>
<pk>true</pk>
<indexState>Primary Constraint</indexState>
<isSurrogateKey>false</isSurrogateKey>
<indexColumnUsage>
<colUsage columnID="FA51D093-E4C3-0BCF-D06E-FFEFC5BD15C8"/>
</indexColumnUsage>
</ind_PK_UK>
<ind_PK_UK id="5C9DAE0B-14E9-1FA0-F375-A61826031AEA" name="BRANCH_MANAGER_FK">
<createdBy>Yiwei</createdBy>
<createdTime>2018-04-19 16:37:29 UTC</createdTime>
<generatorID>A009F4EE-EBE6-6282-06A3-4F123E7AEEAA</generatorID>
<ownerDesignName>MyModel</ownerDesignName>
<indexState>Foreign Key</indexState>
<isSurrogateKey>false</isSurrogateKey>
<indexColumnUsage>
<colUsage columnID="F4DA965F-B5B0-AF26-1964-8582491D5E19"/>
</indexColumnUsage>
</ind_PK_UK>
</indexes>
</Table>