<?xml version = '1.0' encoding = 'UTF-8'?>
<Table class="oracle.dbtools.crest.model.design.relational.Table" directorySegmentName="seg_0" id="44DFFB2D-1B22-E41E-9C89-3A0942C81EC3" name="SUBJECTBOOK">
<createdBy>Yiwei</createdBy>
<createdTime>2018-04-19 16:37:29 UTC</createdTime>
<generatorID>1F082333-D833-4C66-9C28-D9092C8176A4</generatorID>
<ownerDesignName>MyModel</ownerDesignName>
<allowColumnReorder>false</allowColumnReorder>
<existDependencyGenerateInDDl>true</existDependencyGenerateInDDl>
<parsed>true</parsed>
<columns itemClass="oracle.dbtools.crest.model.design.relational.Column">
<Column name="book_callno" id="BD9F5FA7-0FDE-1E89-48E7-0BD6199E4CFE">
<createdBy>Yiwei</createdBy>
<createdTime>2018-04-19 16:37:29 UTC</createdTime>
<comment>The information held about a title is its Dewey Decimal call no (20 characters) - this call no is used to identify a particular title and for shelving books.</comment>
<commentInRDBMS>The information held about a title is its Dewey Decimal call no (20 characters) - this call no is used to identify a particular title and for shelving books.</commentInRDBMS>
<generatorID>7542391B-1F46-552F-D6B9-3BA0982BCFD4</generatorID>
<ownerDesignName>MyModel</ownerDesignName>
<useDomainConstraints>false</useDomainConstraints>
<use>1</use>
<logicalDatatype>LOGDT025</logicalDatatype>
<dataTypeSize>20</dataTypeSize>
<ownDataTypeParameters>,,</ownDataTypeParameters>
<previousColumn>false</previousColumn>
<autoIncrementCycle>false</autoIncrementCycle>
<associations>
<colAssociation fkAssociation="0655B52B-055A-087D-5232-59113F765530" referredColumn="691CC9F7-611C-C141-1AEF-06D420DD0043"/>
</associations>
</Column>
<Column name="sub_name" id="6872DB25-8F83-C579-30BB-25442013355A">
<createdBy>Yiwei</createdBy>
<createdTime>2018-04-19 16:37:29 UTC</createdTime>
<comment>The name of a subject</comment>
<commentInRDBMS>The name of a subject</commentInRDBMS>
<generatorID>675679B2-CD4D-2503-8365-62E123FE3C56</generatorID>
<ownerDesignName>MyModel</ownerDesignName>
<useDomainConstraints>false</useDomainConstraints>
<use>1</use>
<logicalDatatype>LOGDT024</logicalDatatype>
<dataTypeSize>20</dataTypeSize>
<ownDataTypeParameters>,,</ownDataTypeParameters>
<previousColumn>false</previousColumn>
<autoIncrementCycle>false</autoIncrementCycle>
<associations>
<colAssociation fkAssociation="D14E6131-4EE0-B305-48F9-C4A6102766DD" referredColumn="FB45BDE8-6548-89CA-5E89-B241E9B0CAC6"/>
</associations>
</Column>
</columns>
<indexes itemClass="oracle.dbtools.crest.model.design.relational.Index">
<ind_PK_UK id="B34AFE5F-D1A3-EFE6-CA20-EB774DF6858A" name="SUBJECTBOOK_PK">
<createdBy>Yiwei</createdBy>
<createdTime>2018-04-19 16:37:29 UTC</createdTime>
<generatorID>EE12CC93-1AB8-BAB6-60B3-9515A1B55D2D</generatorID>
<ownerDesignName>MyModel</ownerDesignName>
<pk>true</pk>
<indexState>Primary Constraint</indexState>
<isSurrogateKey>false</isSurrogateKey>
<indexColumnUsage>
<colUsage columnID="BD9F5FA7-0FDE-1E89-48E7-0BD6199E4CFE"/>
<colUsage columnID="6872DB25-8F83-C579-30BB-25442013355A"/>
</indexColumnUsage>
</ind_PK_UK>
<ind_PK_UK id="3B566B93-BB42-B309-752C-BE74FB48F4B5" name="SUBJECTBOOK_BOOK_FK">
<createdBy>Yiwei</createdBy>
<createdTime>2018-04-19 16:37:29 UTC</createdTime>
<generatorID>D4A4AE4E-5C7C-A17B-AE52-34FAB39A8293</generatorID>
<ownerDesignName>MyModel</ownerDesignName>
<indexState>Foreign Key</indexState>
<isSurrogateKey>false</isSurrogateKey>
<indexColumnUsage>
<colUsage columnID="BD9F5FA7-0FDE-1E89-48E7-0BD6199E4CFE"/>
</indexColumnUsage>
</ind_PK_UK>
<ind_PK_UK id="ABB95ADB-1CAA-7424-2501-DABAC1AE3FDB" name="SUBJECTBOOK_SUBJECT_FK">
<createdBy>Yiwei</createdBy>
<createdTime>2018-04-19 16:37:29 UTC</createdTime>
<generatorID>B61921EE-1DE4-8DB5-32F6-EDDD3FD2F77D</generatorID>
<ownerDesignName>MyModel</ownerDesignName>
<indexState>Foreign Key</indexState>
<isSurrogateKey>false</isSurrogateKey>
<indexColumnUsage>
<colUsage columnID="6872DB25-8F83-C579-30BB-25442013355A"/>
</indexColumnUsage>
</ind_PK_UK>
</indexes>
</Table>