<?xml version = '1.0' encoding = 'UTF-8'?>
<Table class="oracle.dbtools.crest.model.design.relational.Table" directorySegmentName="seg_0" id="701F9075-461B-FCFB-18FF-0AF3627E7241" name="RETURN">
<createdBy>Yiwei</createdBy>
<createdTime>2018-04-19 16:37:29 UTC</createdTime>
<generatorID>37FCE66D-5A0C-86D1-32CF-9C32D9CAC9F9</generatorID>
<ownerDesignName>MyModel</ownerDesignName>
<allowColumnReorder>false</allowColumnReorder>
<existDependencyGenerateInDDl>true</existDependencyGenerateInDDl>
<parsed>true</parsed>
<columns itemClass="oracle.dbtools.crest.model.design.relational.Column">
<Column name="loan_no" id="C39434D2-FD07-1DD6-09D8-2ED6D6593CD2">
<createdBy>Yiwei</createdBy>
<createdTime>2018-04-19 16:37:29 UTC</createdTime>
<comment>the unique number for each loan</comment>
<commentInRDBMS>the unique number for each loan</commentInRDBMS>
<generatorID>CFFBB033-64A5-6893-5D59-C957F477D353</generatorID>
<ownerDesignName>MyModel</ownerDesignName>
<useDomainConstraints>false</useDomainConstraints>
<use>1</use>
<logicalDatatype>LOGDT019</logicalDatatype>
<dataTypePrecision>10</dataTypePrecision>
<ownDataTypeParameters>,,</ownDataTypeParameters>
<previousColumn>false</previousColumn>
<autoIncrementCycle>false</autoIncrementCycle>
<associations>
<colAssociation fkAssociation="DE61FA1E-C37D-D043-80F1-B4FA32BCFEAA" referredColumn="9C89EC20-DC71-E732-EF52-02DAE7A00675"/>
</associations>
</Column>
<Column name="re_date" id="B0FA17C8-01C1-DB6E-9A43-7120F63E8DD3">
<createdBy>Yiwei</createdBy>
<createdTime>2018-04-19 16:37:29 UTC</createdTime>
<comment>The actual return date</comment>
<generatorID>1E761703-240B-718F-885F-9C4C697825DD</generatorID>
<ownerDesignName>MyModel</ownerDesignName>
<useDomainConstraints>false</useDomainConstraints>
<use>1</use>
<logicalDatatype>LOGDT007</logicalDatatype>
<ownDataTypeParameters>,,</ownDataTypeParameters>
<autoIncrementCycle>false</autoIncrementCycle>
</Column>
</columns>
<indexes itemClass="oracle.dbtools.crest.model.design.relational.Index">
<ind_PK_UK id="352F1B93-A837-42B4-F128-F6F5ECF7B06D" name="RETURN_PK">
<createdBy>Yiwei</createdBy>
<createdTime>2018-04-19 16:37:29 UTC</createdTime>
<generatorID>903A30C5-A7B8-4486-1D77-56DE04DAD0FA</generatorID>
<ownerDesignName>MyModel</ownerDesignName>
<pk>true</pk>
<indexState>Primary Constraint</indexState>
<isSurrogateKey>false</isSurrogateKey>
<indexColumnUsage>
<colUsage columnID="C39434D2-FD07-1DD6-09D8-2ED6D6593CD2"/>
</indexColumnUsage>
</ind_PK_UK>
<ind_PK_UK id="108B15F5-B220-BBEC-6945-6F2C60F990E0" name="RETURN_LOAN_FK">
<createdBy>Yiwei</createdBy>
<createdTime>2018-04-19 16:37:29 UTC</createdTime>
<generatorID>AC04EC44-4170-5D8D-0066-2685D2D5AE24</generatorID>
<ownerDesignName>MyModel</ownerDesignName>
<indexState>Foreign Key</indexState>
<isSurrogateKey>false</isSurrogateKey>
<indexColumnUsage>
<colUsage columnID="C39434D2-FD07-1DD6-09D8-2ED6D6593CD2"/>
</indexColumnUsage>
</ind_PK_UK>
</indexes>
</Table>