<?xml version = '1.0' encoding = 'UTF-8'?>
<Table class="oracle.dbtools.crest.model.design.relational.Table" directorySegmentName="seg_0" id="8DCB4674-90D7-CC03-AECF-BEA73FF66145" name="COPY">
<createdBy>Yiwei</createdBy>
<createdTime>2018-04-19 16:37:29 UTC</createdTime>
<generatorID>EA3DCC71-E48F-7592-C8C3-3B4E8EAD5C9E</generatorID>
<ownerDesignName>MyModel</ownerDesignName>
<allowColumnReorder>false</allowColumnReorder>
<existDependencyGenerateInDDl>true</existDependencyGenerateInDDl>
<parsed>true</parsed>
<columns itemClass="oracle.dbtools.crest.model.design.relational.Column">
<Column name="copy_barcode" id="AC46F254-AFAE-9626-D7CD-3841AEB606BB">
<createdBy>Yiwei</createdBy>
<createdTime>2018-04-19 16:37:29 UTC</createdTime>
<comment>each copy of a title is identified by a barcode</comment>
<commentInRDBMS>each copy of a title is identified by a barcode</commentInRDBMS>
<generatorID>D809986E-223A-936B-81B9-6E8D6C1DC44C</generatorID>
<ownerDesignName>MyModel</ownerDesignName>
<useDomainConstraints>false</useDomainConstraints>
<use>1</use>
<logicalDatatype>LOGDT024</logicalDatatype>
<dataTypeSize>25</dataTypeSize>
<ownDataTypeParameters>25,,</ownDataTypeParameters>
<autoIncrementCycle>false</autoIncrementCycle>
</Column>
<Column name="copy_status" id="3704A0E1-3A8E-CB23-EB88-44CC9C59832D">
<createdBy>Yiwei</createdBy>
<createdTime>2018-04-19 16:37:29 UTC</createdTime>
<comment>availability (status) of a copy</comment>
<commentInRDBMS>availability (status)  of a copy</commentInRDBMS>
<generatorID>42BEF5E1-784D-1EC8-857A-F7C3A81BE4DF</generatorID>
<ownerDesignName>MyModel</ownerDesignName>
<useDomainConstraints>false</useDomainConstraints>
<use>1</use>
<logicalDatatype>LOGDT024</logicalDatatype>
<dataTypeSize>100</dataTypeSize>
<ownDataTypeParameters>100,,</ownDataTypeParameters>
<autoIncrementCycle>false</autoIncrementCycle>
</Column>
<Column name="isbn_no" id="E476AF38-0954-B1B8-EC68-517C3DACA9AB">
<createdBy>Yiwei</createdBy>
<createdTime>2018-04-19 16:37:29 UTC</createdTime>
<comment>The ISBN number</comment>
<commentInRDBMS>The ISBN number</commentInRDBMS>
<generatorID>FCE936A2-9100-974B-F271-DB70C9AB335B</generatorID>
<ownerDesignName>MyModel</ownerDesignName>
<useDomainConstraints>false</useDomainConstraints>
<use>1</use>
<logicalDatatype>LOGDT024</logicalDatatype>
<dataTypeSize>20</dataTypeSize>
<ownDataTypeParameters>,,</ownDataTypeParameters>
<previousColumn>false</previousColumn>
<autoIncrementCycle>false</autoIncrementCycle>
<associations>
<colAssociation fkAssociation="66A84F5E-F963-CD71-7ED0-EE04A4AE3E50" referredColumn="5C5C0CF7-2F6E-4B2E-9E7F-A6E0FD086CC4"/>
</associations>
</Column>
<Column name="branch_code" id="65751C3C-634C-3174-9DC5-3C9AF723C893">
<createdBy>Yiwei</createdBy>
<createdTime>2018-04-21 16:19:29 UTC</createdTime>
<comment>For each branch Monash Library Services assigns a branch code</comment>
<commentInRDBMS>For each branch Monash Library Services assigns a branch code</commentInRDBMS>
<generatorID>7E5FEF5E-7D50-32C3-09A6-31E1C5EC0ED0</generatorID>
<ownerDesignName>MyModel</ownerDesignName>
<useDomainConstraints>false</useDomainConstraints>
<use>1</use>
<logicalDatatype>LOGDT019</logicalDatatype>
<dataTypePrecision>5</dataTypePrecision>
<ownDataTypeParameters>,,</ownDataTypeParameters>
<previousColumn>false</previousColumn>
<autoIncrementCycle>false</autoIncrementCycle>
<associations>
<colAssociation fkAssociation="C59EF7A3-3A75-C632-495E-C9FD1262BF64" referredColumn="FA51D093-E4C3-0BCF-D06E-FFEFC5BD15C8"/>
</associations>
</Column>
</columns>
<indexes itemClass="oracle.dbtools.crest.model.design.relational.Index">
<ind_PK_UK id="1C95D254-299D-0EC1-0DD1-137BF42C388D" name="COPY_PK">
<createdBy>Yiwei</createdBy>
<createdTime>2018-04-19 16:37:29 UTC</createdTime>
<generatorID>7558C31D-65C2-F495-5F25-2FE33DCD7FDD</generatorID>
<ownerDesignName>MyModel</ownerDesignName>
<pk>true</pk>
<indexState>Primary Constraint</indexState>
<isSurrogateKey>false</isSurrogateKey>
<indexColumnUsage>
<colUsage columnID="AC46F254-AFAE-9626-D7CD-3841AEB606BB"/>
</indexColumnUsage>
</ind_PK_UK>
<ind_PK_UK id="77A34D5C-B5B9-C233-7131-746945DAA025" name="COPY_ISBN_FK">
<createdBy>Yiwei</createdBy>
<createdTime>2018-04-19 16:37:29 UTC</createdTime>
<generatorID>EC7F8A61-B429-ED1C-67DC-AF342F2B41BC</generatorID>
<ownerDesignName>MyModel</ownerDesignName>
<indexState>Foreign Key</indexState>
<isSurrogateKey>false</isSurrogateKey>
<indexColumnUsage>
<colUsage columnID="E476AF38-0954-B1B8-EC68-517C3DACA9AB"/>
</indexColumnUsage>
</ind_PK_UK>
<ind_PK_UK id="3A1FE979-8C8B-CBEB-4837-AEA272AEABC1" name="COPY_BRANCH_FK">
<createdBy>Yiwei</createdBy>
<createdTime>2018-04-21 16:19:29 UTC</createdTime>
<generatorID>9902123A-EE87-1800-6284-01D5C7AE8C89</generatorID>
<ownerDesignName>MyModel</ownerDesignName>
<indexState>Foreign Key</indexState>
<isSurrogateKey>false</isSurrogateKey>
<indexColumnUsage>
<colUsage columnID="65751C3C-634C-3174-9DC5-3C9AF723C893"/>
</indexColumnUsage>
</ind_PK_UK>
</indexes>
</Table>