<?xml version = '1.0' encoding = 'UTF-8'?>
<Table class="oracle.dbtools.crest.model.design.relational.Table" directorySegmentName="seg_0" id="93354FB7-B468-54B9-FBB3-90DE85263860" name="RESERVE">
<createdBy>Yiwei</createdBy>
<createdTime>2018-04-19 16:37:29 UTC</createdTime>
<generatorID>CA6B8E05-25BB-F766-4F57-3FAD4F14176B</generatorID>
<ownerDesignName>MyModel</ownerDesignName>
<allowColumnReorder>false</allowColumnReorder>
<existDependencyGenerateInDDl>true</existDependencyGenerateInDDl>
<parsed>true</parsed>
<columns itemClass="oracle.dbtools.crest.model.design.relational.Column">
<Column name="bor_no" id="F1828428-FBCC-01D5-E4D8-A62BA56E77FE">
<createdBy>Yiwei</createdBy>
<createdTime>2018-04-19 16:37:29 UTC</createdTime>
<comment>Each borrower is identified by a borrower number</comment>
<commentInRDBMS>Each borrower is identified by a borrower number</commentInRDBMS>
<generatorID>459AA369-BFCC-AEF9-8338-0863EB2DACC2</generatorID>
<ownerDesignName>MyModel</ownerDesignName>
<useDomainConstraints>false</useDomainConstraints>
<use>1</use>
<logicalDatatype>LOGDT019</logicalDatatype>
<dataTypePrecision>8</dataTypePrecision>
<ownDataTypeParameters>,8,</ownDataTypeParameters>
<previousColumn>false</previousColumn>
<autoIncrementCycle>false</autoIncrementCycle>
<associations>
<colAssociation fkAssociation="E4330E18-363B-604A-854A-783E1AF1B941" referredColumn="6E0698C4-FA6B-1E8B-38AC-3DA766F9D6DB"/>
</associations>
</Column>
<Column name="res_date" id="4B34625E-7187-E64A-5927-127176DB7910">
<createdBy>Yiwei</createdBy>
<createdTime>2018-04-19 16:37:29 UTC</createdTime>
<comment>date of the reservation is made</comment>
<commentInRDBMS>date of the reservation is made</commentInRDBMS>
<generatorID>938668E0-1141-78A6-A2BA-D9BF2C4879B1</generatorID>
<ownerDesignName>MyModel</ownerDesignName>
<useDomainConstraints>false</useDomainConstraints>
<use>1</use>
<logicalDatatype>LOGDT007</logicalDatatype>
<ownDataTypeParameters>,,</ownDataTypeParameters>
<autoIncrementCycle>false</autoIncrementCycle>
</Column>
<Column name="res_time" id="E63F1126-7408-B0E4-99FB-E0058442B8D9">
<createdBy>Yiwei</createdBy>
<createdTime>2018-04-19 16:37:29 UTC</createdTime>
<comment>time of the reservation is made</comment>
<commentInRDBMS>time of the reservation is made</commentInRDBMS>
<generatorID>B2E3F02C-D3CE-1D16-26A2-5733B87826A4</generatorID>
<ownerDesignName>MyModel</ownerDesignName>
<useDomainConstraints>false</useDomainConstraints>
<use>1</use>
<logicalDatatype>LOGDT014</logicalDatatype>
<ownDataTypeParameters>,,</ownDataTypeParameters>
<autoIncrementCycle>false</autoIncrementCycle>
</Column>
<Column name="copy_barcode" id="2BFE65FA-D317-BAF7-0BA9-3EE98370414B">
<createdBy>Yiwei</createdBy>
<createdTime>2018-04-19 16:37:29 UTC</createdTime>
<comment>each copy of a title is identified by a barcode</comment>
<commentInRDBMS>each copy of a title is identified by a barcode</commentInRDBMS>
<generatorID>386A8827-74DB-9015-8269-F4023204D801</generatorID>
<ownerDesignName>MyModel</ownerDesignName>
<useDomainConstraints>false</useDomainConstraints>
<use>1</use>
<logicalDatatype>LOGDT024</logicalDatatype>
<dataTypeSize>25</dataTypeSize>
<ownDataTypeParameters>25,,</ownDataTypeParameters>
<previousColumn>false</previousColumn>
<autoIncrementCycle>false</autoIncrementCycle>
<associations>
<colAssociation fkAssociation="FA9FC32C-AEA5-5F78-4E77-46E2350FEFAD" referredColumn="AC46F254-AFAE-9626-D7CD-3841AEB606BB"/>
</associations>
</Column>
</columns>
<indexes itemClass="oracle.dbtools.crest.model.design.relational.Index">
<ind_PK_UK id="DE8B0F1C-AC40-0F66-5248-E52D274F835A" name="RESERVE_PK">
<createdBy>Yiwei</createdBy>
<createdTime>2018-04-19 16:37:29 UTC</createdTime>
<generatorID>B29D8A27-649E-3A24-3165-7873F7C8A005</generatorID>
<ownerDesignName>MyModel</ownerDesignName>
<pk>true</pk>
<indexState>Primary Constraint</indexState>
<isSurrogateKey>false</isSurrogateKey>
<indexColumnUsage>
<colUsage columnID="F1828428-FBCC-01D5-E4D8-A62BA56E77FE"/>
<colUsage columnID="2BFE65FA-D317-BAF7-0BA9-3EE98370414B"/>
<colUsage columnID="4B34625E-7187-E64A-5927-127176DB7910"/>
</indexColumnUsage>
</ind_PK_UK>
<ind_PK_UK id="8A7978FB-19A9-7D14-06FF-9CE2E198ECA7" name="RESERVE_BORROWER_FK">
<createdBy>Yiwei</createdBy>
<createdTime>2018-04-19 16:37:29 UTC</createdTime>
<generatorID>9A3BD83A-1943-C104-15A9-38A50DD3BEC6</generatorID>
<ownerDesignName>MyModel</ownerDesignName>
<indexState>Foreign Key</indexState>
<isSurrogateKey>false</isSurrogateKey>
<indexColumnUsage>
<colUsage columnID="F1828428-FBCC-01D5-E4D8-A62BA56E77FE"/>
</indexColumnUsage>
</ind_PK_UK>
<ind_PK_UK id="9E5CB899-1E2E-433A-FAA5-C9626A2B391A" name="RESERVE_COPY_FK">
<createdBy>Yiwei</createdBy>
<createdTime>2018-04-19 16:37:29 UTC</createdTime>
<generatorID>CBC414DA-5DD9-F0DA-8826-58529D47D12D</generatorID>
<ownerDesignName>MyModel</ownerDesignName>
<indexState>Foreign Key</indexState>
<isSurrogateKey>false</isSurrogateKey>
<indexColumnUsage>
<colUsage columnID="2BFE65FA-D317-BAF7-0BA9-3EE98370414B"/>
</indexColumnUsage>
</ind_PK_UK>
</indexes>
</Table>