<?xml version = '1.0' encoding = 'UTF-8'?>
<Table class="oracle.dbtools.crest.model.design.relational.Table" directorySegmentName="seg_0" id="A9FD4ADD-1C7B-EB41-B4F3-54BCE4CA7ECC" name="ISBN">
<createdBy>Yiwei</createdBy>
<createdTime>2018-04-19 16:37:29 UTC</createdTime>
<generatorID>35637460-59CA-FC1C-B86B-163773E50A63</generatorID>
<ownerDesignName>MyModel</ownerDesignName>
<allowColumnReorder>false</allowColumnReorder>
<existDependencyGenerateInDDl>true</existDependencyGenerateInDDl>
<parsed>true</parsed>
<columns itemClass="oracle.dbtools.crest.model.design.relational.Column">
<Column name="isbn_no" id="5C5C0CF7-2F6E-4B2E-9E7F-A6E0FD086CC4">
<createdBy>Yiwei</createdBy>
<createdTime>2018-04-19 16:37:29 UTC</createdTime>
<comment>The ISBN number</comment>
<commentInRDBMS>The ISBN number</commentInRDBMS>
<generatorID>986E2D61-B095-B376-35A6-00B65BBD78AC</generatorID>
<ownerDesignName>MyModel</ownerDesignName>
<useDomainConstraints>false</useDomainConstraints>
<use>1</use>
<logicalDatatype>LOGDT024</logicalDatatype>
<dataTypeSize>20</dataTypeSize>
<ownDataTypeParameters>20,,</ownDataTypeParameters>
<autoIncrementCycle>false</autoIncrementCycle>
</Column>
<Column name="isbn_type" id="5960D83E-7F5A-C420-C608-539B07FFC364">
<createdBy>Yiwei</createdBy>
<createdTime>2018-04-19 16:37:29 UTC</createdTime>
<comment>The book type of an ISBN (eg. hardcover, loose leaf, student edtion)</comment>
<commentInRDBMS>The book type of an ISBN (eg. hardcover, loose leaf, student edtion)</commentInRDBMS>
<generatorID>2BEF3224-B412-714C-ADC5-B734AD6DBB24</generatorID>
<ownerDesignName>MyModel</ownerDesignName>
<useDomainConstraints>false</useDomainConstraints>
<use>1</use>
<logicalDatatype>LOGDT024</logicalDatatype>
<dataTypeSize>20</dataTypeSize>
<ownDataTypeParameters>20,,</ownDataTypeParameters>
<autoIncrementCycle>false</autoIncrementCycle>
</Column>
<Column name="isbn_price" id="03C50767-B63A-A471-486B-2EA83E3F0163">
<createdBy>Yiwei</createdBy>
<createdTime>2018-04-19 16:37:29 UTC</createdTime>
<comment>The price of the book within one ISBN</comment>
<commentInRDBMS>The price of the book within one ISBN</commentInRDBMS>
<generatorID>44AD2C60-EB24-8E89-FC3F-90F57DDC04F8</generatorID>
<ownerDesignName>MyModel</ownerDesignName>
<useDomainConstraints>false</useDomainConstraints>
<use>1</use>
<logicalDatatype>LOGDT019</logicalDatatype>
<dataTypePrecision>7</dataTypePrecision>
<dataTypeScale>2</dataTypeScale>
<ownDataTypeParameters>,7,2</ownDataTypeParameters>
<autoIncrementCycle>false</autoIncrementCycle>
</Column>
<Column name="book_callno" id="B3BF4871-737F-9293-403D-AB20A0E43F98">
<createdBy>Yiwei</createdBy>
<createdTime>2018-04-19 16:37:29 UTC</createdTime>
<comment>The information held about a title is its Dewey Decimal call no (20 characters) - this call no is used to identify a particular title and for shelving books.</comment>
<commentInRDBMS>The information held about a title is its Dewey Decimal call no (20 characters) - this call no is used to identify a particular title and for shelving books.</commentInRDBMS>
<generatorID>7EDC494C-4A1C-F7A1-4C4B-A5B16139ECCB</generatorID>
<ownerDesignName>MyModel</ownerDesignName>
<useDomainConstraints>false</useDomainConstraints>
<use>1</use>
<logicalDatatype>LOGDT025</logicalDatatype>
<dataTypeSize>20</dataTypeSize>
<ownDataTypeParameters>,,</ownDataTypeParameters>
<previousColumn>false</previousColumn>
<autoIncrementCycle>false</autoIncrementCycle>
<associations>
<colAssociation fkAssociation="D6020BCD-9312-B80A-0707-28318DE3FF74" referredColumn="691CC9F7-611C-C141-1AEF-06D420DD0043"/>
</associations>
</Column>
<Column name="isbn_pages" id="5720DAC6-C607-AFED-2B34-BD12AEDC5B3E">
<createdBy>Yiwei</createdBy>
<createdTime>2018-04-21 17:36:59 UTC</createdTime>
<comment>The pages of a book</comment>
<commentInRDBMS>The pages of a book</commentInRDBMS>
<generatorID>B074D4A5-FC9E-EAB8-2FA9-ABD44D8D3E46</generatorID>
<ownerDesignName>MyModel</ownerDesignName>
<useDomainConstraints>false</useDomainConstraints>
<use>1</use>
<logicalDatatype>LOGDT019</logicalDatatype>
<dataTypePrecision>4</dataTypePrecision>
<ownDataTypeParameters>,4,</ownDataTypeParameters>
<autoIncrementCycle>false</autoIncrementCycle>
</Column>
</columns>
<indexes itemClass="oracle.dbtools.crest.model.design.relational.Index">
<ind_PK_UK id="CC9FB6FD-1F4C-6927-C52F-54368F1C3B4B" name="ISBN_PK">
<createdBy>Yiwei</createdBy>
<createdTime>2018-04-19 16:37:29 UTC</createdTime>
<generatorID>67B2D6B6-DEE7-6FDF-B689-E531759FBDEA</generatorID>
<ownerDesignName>MyModel</ownerDesignName>
<pk>true</pk>
<indexState>Primary Constraint</indexState>
<isSurrogateKey>false</isSurrogateKey>
<indexColumnUsage>
<colUsage columnID="5C5C0CF7-2F6E-4B2E-9E7F-A6E0FD086CC4"/>
</indexColumnUsage>
</ind_PK_UK>
<ind_PK_UK id="73A09EFF-A8D4-26FB-D3BB-6EB0FD04A373" name="ISBN_BOOK_FK">
<createdBy>Yiwei</createdBy>
<createdTime>2018-04-19 16:37:29 UTC</createdTime>
<generatorID>D5E188E6-4CC1-EA50-F899-755F800C3693</generatorID>
<ownerDesignName>MyModel</ownerDesignName>
<indexState>Foreign Key</indexState>
<isSurrogateKey>false</isSurrogateKey>
<indexColumnUsage>
<colUsage columnID="B3BF4871-737F-9293-403D-AB20A0E43F98"/>
</indexColumnUsage>
</ind_PK_UK>
</indexes>
</Table>