<?xml version = '1.0' encoding = 'UTF-8'?>
<Table class="oracle.dbtools.crest.model.design.relational.Table" directorySegmentName="seg_0" id="B616669C-E4B2-768A-1BFB-8655A8DB5FA2" name="BORROWER">
<createdBy>Yiwei</createdBy>
<createdTime>2018-04-19 16:37:29 UTC</createdTime>
<generatorID>54BFCD80-FA00-6BA3-E515-914E2EF372F3</generatorID>
<ownerDesignName>MyModel</ownerDesignName>
<allowColumnReorder>false</allowColumnReorder>
<existDependencyGenerateInDDl>true</existDependencyGenerateInDDl>
<parsed>true</parsed>
<columns itemClass="oracle.dbtools.crest.model.design.relational.Column">
<Column name="bor_no" id="6E0698C4-FA6B-1E8B-38AC-3DA766F9D6DB">
<createdBy>Yiwei</createdBy>
<createdTime>2018-04-19 16:37:29 UTC</createdTime>
<comment>Each borrower is identified by a borrower number</comment>
<commentInRDBMS>Each borrower is identified by a borrower number</commentInRDBMS>
<generatorID>D96C89F4-9CA7-03A2-7686-47417D39E7DD</generatorID>
<ownerDesignName>MyModel</ownerDesignName>
<useDomainConstraints>false</useDomainConstraints>
<use>1</use>
<logicalDatatype>LOGDT019</logicalDatatype>
<dataTypePrecision>8</dataTypePrecision>
<ownDataTypeParameters>,8,</ownDataTypeParameters>
<autoIncrementColumn>true</autoIncrementColumn>
<autoIncrementCycle>false</autoIncrementCycle>
<autoIncrementGenerateTrigger>false</autoIncrementGenerateTrigger>
</Column>
<Column name="bor_name" id="049F03E5-924F-354B-98EE-3E0F5A2E794E">
<createdBy>Yiwei</createdBy>
<createdTime>2018-04-19 16:37:29 UTC</createdTime>
<comment>The name of  a borrower </comment>
<commentInRDBMS>The name of  a borrower </commentInRDBMS>
<generatorID>98A85D1C-43AE-25C3-9870-3B28521F10AF</generatorID>
<ownerDesignName>MyModel</ownerDesignName>
<useDomainConstraints>false</useDomainConstraints>
<use>1</use>
<logicalDatatype>LOGDT024</logicalDatatype>
<dataTypeSize>20</dataTypeSize>
<ownDataTypeParameters>20,,</ownDataTypeParameters>
<autoIncrementCycle>false</autoIncrementCycle>
</Column>
<Column name="bor_addno" id="679CF1A8-7067-7E38-CA58-012353B22D60">
<createdBy>Yiwei</createdBy>
<createdTime>2018-04-19 16:37:29 UTC</createdTime>
<comment>The address number of a borrower</comment>
<commentInRDBMS>The address number of a borrower</commentInRDBMS>
<generatorID>D78B01EC-498F-6F9C-9589-82C135D5D8FA</generatorID>
<ownerDesignName>MyModel</ownerDesignName>
<useDomainConstraints>false</useDomainConstraints>
<use>1</use>
<logicalDatatype>LOGDT019</logicalDatatype>
<dataTypePrecision>5</dataTypePrecision>
<ownDataTypeParameters>,5,</ownDataTypeParameters>
<autoIncrementCycle>false</autoIncrementCycle>
</Column>
<Column name="bor_road" id="C452A96F-48A3-0849-0E79-824B12F8B644">
<createdBy>Yiwei</createdBy>
<createdTime>2018-04-19 16:37:29 UTC</createdTime>
<comment>The road name of the address of a borrower</comment>
<commentInRDBMS>The road name of the address of aborrower</commentInRDBMS>
<generatorID>04902427-8DED-9666-0F56-965E2E5A3ADB</generatorID>
<ownerDesignName>MyModel</ownerDesignName>
<useDomainConstraints>false</useDomainConstraints>
<use>1</use>
<logicalDatatype>LOGDT024</logicalDatatype>
<dataTypeSize>50</dataTypeSize>
<ownDataTypeParameters>50,,</ownDataTypeParameters>
<autoIncrementCycle>false</autoIncrementCycle>
</Column>
<Column name="bor_city" id="A1C2E821-CEA9-A80F-1DC6-47EB42929F6F">
<createdBy>Yiwei</createdBy>
<createdTime>2018-04-19 16:37:29 UTC</createdTime>
<comment>The city name of the address of a borrower</comment>
<commentInRDBMS>The city name of the address of a borrower</commentInRDBMS>
<generatorID>E42A1785-F80B-6960-FF3B-D3C666A1BCFF</generatorID>
<ownerDesignName>MyModel</ownerDesignName>
<useDomainConstraints>false</useDomainConstraints>
<use>1</use>
<logicalDatatype>LOGDT024</logicalDatatype>
<dataTypeSize>50</dataTypeSize>
<ownDataTypeParameters>50,,</ownDataTypeParameters>
<autoIncrementCycle>false</autoIncrementCycle>
</Column>
<Column name="bor_state" id="EA809FFB-6FF7-2FDB-07D4-40A704804B00">
<createdBy>Yiwei</createdBy>
<createdTime>2018-04-19 16:37:29 UTC</createdTime>
<comment>The state name of the address of a borrower </comment>
<commentInRDBMS>The state name of the address of a borrower</commentInRDBMS>
<generatorID>5B85DF9A-C05E-BA02-10A1-81A5ABEEF7AA</generatorID>
<ownerDesignName>MyModel</ownerDesignName>
<useDomainConstraints>false</useDomainConstraints>
<use>1</use>
<logicalDatatype>LOGDT024</logicalDatatype>
<dataTypeSize>50</dataTypeSize>
<ownDataTypeParameters>50,,</ownDataTypeParameters>
<autoIncrementCycle>false</autoIncrementCycle>
</Column>
<Column name="bor_country" id="27CFE5B0-494D-D2CB-7F1A-0840885FEAE7">
<createdBy>Yiwei</createdBy>
<createdTime>2018-04-19 16:37:29 UTC</createdTime>
<comment>The country name of the address of a borrower</comment>
<commentInRDBMS>The country name of the address of a borrower</commentInRDBMS>
<generatorID>C91524A6-91F8-42BD-07D3-6135D63D0751</generatorID>
<ownerDesignName>MyModel</ownerDesignName>
<useDomainConstraints>false</useDomainConstraints>
<use>1</use>
<logicalDatatype>LOGDT024</logicalDatatype>
<dataTypeSize>50</dataTypeSize>
<ownDataTypeParameters>50,,</ownDataTypeParameters>
<autoIncrementCycle>false</autoIncrementCycle>
</Column>
<Column name="bor_homebranch" id="CA0A9C63-4AE4-34C2-1DA4-6DBF5C6EF6A9">
<createdBy>Yiwei</createdBy>
<createdTime>2018-04-19 16:37:29 UTC</createdTime>
<comment>The home branch number of a borrower </comment>
<commentInRDBMS>The home branch number of a borrower </commentInRDBMS>
<generatorID>4128F7F8-D79F-71A4-3855-BD34B9D2B7CA</generatorID>
<ownerDesignName>MyModel</ownerDesignName>
<useDomainConstraints>false</useDomainConstraints>
<use>1</use>
<logicalDatatype>LOGDT019</logicalDatatype>
<dataTypePrecision>5</dataTypePrecision>
<ownDataTypeParameters>,5,</ownDataTypeParameters>
<autoIncrementCycle>false</autoIncrementCycle>
</Column>
<Column name="bor_status" id="21695CB9-7BAF-AA0F-95BB-8AF99BA988DB">
<createdBy>Yiwei</createdBy>
<createdTime>2018-04-19 16:37:29 UTC</createdTime>
<comment>The status(whether is flagged to prevent further borrowings ) of a borrower</comment>
<commentInRDBMS>The status(whether is flagged to prevent further borrowings ) of a borrower</commentInRDBMS>
<generatorID>ADD2E403-9CAF-05F1-D0BA-401541A16797</generatorID>
<ownerDesignName>MyModel</ownerDesignName>
<useDomainConstraints>false</useDomainConstraints>
<use>1</use>
<logicalDatatype>LOGDT024</logicalDatatype>
<dataTypeSize>100</dataTypeSize>
<ownDataTypeParameters>100,,</ownDataTypeParameters>
<autoIncrementCycle>false</autoIncrementCycle>
</Column>
<Column name="class_name" id="170E1BDF-F1F8-36FF-40C1-AB03CD40DFA9">
<createdBy>Yiwei</createdBy>
<createdTime>2018-04-19 16:37:29 UTC</createdTime>
<comment>The name of borrower classification</comment>
<commentInRDBMS>The name of borrower classification</commentInRDBMS>
<generatorID>68954EAB-614F-5D43-40DF-67F7439362D7</generatorID>
<ownerDesignName>MyModel</ownerDesignName>
<useDomainConstraints>false</useDomainConstraints>
<use>1</use>
<logicalDatatype>LOGDT024</logicalDatatype>
<dataTypeSize>20</dataTypeSize>
<ownDataTypeParameters>,,</ownDataTypeParameters>
<previousColumn>false</previousColumn>
<autoIncrementCycle>false</autoIncrementCycle>
<associations>
<colAssociation fkAssociation="3787D4B8-9A4A-8B71-220E-FA5552B2ADCC" referredColumn="52BA4844-CF18-7E33-6843-AB15F35CF704"/>
</associations>
</Column>
<Column name="branch_code" id="40839870-C2AB-AC6F-F2BB-9C423D8249D4">
<createdBy>Yiwei</createdBy>
<createdTime>2018-04-21 17:36:59 UTC</createdTime>
<comment>For each branch Monash Library Services assigns a branch code</comment>
<commentInRDBMS>For each branch Monash Library Services assigns a branch code</commentInRDBMS>
<generatorID>47F53F81-A617-C52F-0FDF-33F217C191A5</generatorID>
<ownerDesignName>MyModel</ownerDesignName>
<useDomainConstraints>false</useDomainConstraints>
<use>1</use>
<logicalDatatype>LOGDT019</logicalDatatype>
<dataTypePrecision>5</dataTypePrecision>
<ownDataTypeParameters>,,</ownDataTypeParameters>
<previousColumn>false</previousColumn>
<autoIncrementCycle>false</autoIncrementCycle>
<associations>
<colAssociation fkAssociation="F5AF3B6E-0FFF-6825-2256-E130C327D04F" referredColumn="FA51D093-E4C3-0BCF-D06E-FFEFC5BD15C8"/>
</associations>
</Column>
</columns>
<indexes itemClass="oracle.dbtools.crest.model.design.relational.Index">
<ind_PK_UK id="AAE58BC6-C712-26AC-26DF-3AA16726A3BF" name="BORROWER_PK">
<createdBy>Yiwei</createdBy>
<createdTime>2018-04-19 16:37:29 UTC</createdTime>
<generatorID>632FFFEA-080A-45EB-40BA-5E8E5A9EC9AF</generatorID>
<ownerDesignName>MyModel</ownerDesignName>
<pk>true</pk>
<indexState>Primary Constraint</indexState>
<isSurrogateKey>false</isSurrogateKey>
<indexColumnUsage>
<colUsage columnID="6E0698C4-FA6B-1E8B-38AC-3DA766F9D6DB"/>
</indexColumnUsage>
</ind_PK_UK>
<ind_PK_UK id="6014F079-44B2-0871-AFA5-F1728108D711" name="BORROWER_CLASS_FK">
<createdBy>Yiwei</createdBy>
<createdTime>2018-04-19 16:37:29 UTC</createdTime>
<generatorID>BEE939A1-9259-E2F3-D804-218D6334D52A</generatorID>
<ownerDesignName>MyModel</ownerDesignName>
<indexState>Foreign Key</indexState>
<isSurrogateKey>false</isSurrogateKey>
<indexColumnUsage>
<colUsage columnID="170E1BDF-F1F8-36FF-40C1-AB03CD40DFA9"/>
</indexColumnUsage>
</ind_PK_UK>
<ind_PK_UK id="B76C799B-77FB-2486-834E-A9FEFD78536B" name="BORROWER_BRANCH_FK">
<createdBy>Yiwei</createdBy>
<createdTime>2018-04-21 17:36:59 UTC</createdTime>
<generatorID>4CF7204D-E88C-5B29-490E-138F3A61056A</generatorID>
<ownerDesignName>MyModel</ownerDesignName>
<indexState>Foreign Key</indexState>
<isSurrogateKey>false</isSurrogateKey>
<indexColumnUsage>
<colUsage columnID="40839870-C2AB-AC6F-F2BB-9C423D8249D4"/>
</indexColumnUsage>
</ind_PK_UK>
</indexes>
</Table>