<?xml version = '1.0' encoding = 'UTF-8'?>
<Table class="oracle.dbtools.crest.model.design.relational.Table" directorySegmentName="seg_0" id="C097C1D2-EB46-B607-ADB5-063FB8D65679" name="CLASS">
<createdBy>Yiwei</createdBy>
<createdTime>2018-04-19 16:37:29 UTC</createdTime>
<generatorID>A912E2D3-517E-1812-C82E-08A99118C206</generatorID>
<ownerDesignName>MyModel</ownerDesignName>
<allowColumnReorder>false</allowColumnReorder>
<existDependencyGenerateInDDl>true</existDependencyGenerateInDDl>
<parsed>true</parsed>
<columns itemClass="oracle.dbtools.crest.model.design.relational.Column">
<Column name="class_name" id="52BA4844-CF18-7E33-6843-AB15F35CF704">
<createdBy>Yiwei</createdBy>
<createdTime>2018-04-19 16:37:29 UTC</createdTime>
<comment>The name of borrower classification</comment>
<commentInRDBMS>The name of borrower classification</commentInRDBMS>
<generatorID>1E3BB90C-E1FA-73FD-3AC9-E21D51AD7BFA</generatorID>
<ownerDesignName>MyModel</ownerDesignName>
<useDomainConstraints>false</useDomainConstraints>
<use>1</use>
<logicalDatatype>LOGDT024</logicalDatatype>
<dataTypeSize>20</dataTypeSize>
<ownDataTypeParameters>20,,</ownDataTypeParameters>
<autoIncrementCycle>false</autoIncrementCycle>
</Column>
<Column name="class_numlimit" id="542E4DDF-2133-3489-99A6-78BF750AE307">
<createdBy>Yiwei</createdBy>
<createdTime>2018-04-19 16:37:29 UTC</createdTime>
<comment>The limit of books can borrowe</comment>
<commentInRDBMS>The limit of books can borrowe</commentInRDBMS>
<generatorID>6FF44F6D-1919-0EA2-EDA4-CE59C3C3A64C</generatorID>
<ownerDesignName>MyModel</ownerDesignName>
<useDomainConstraints>false</useDomainConstraints>
<use>1</use>
<logicalDatatype>LOGDT019</logicalDatatype>
<dataTypePrecision>2</dataTypePrecision>
<ownDataTypeParameters>,2,</ownDataTypeParameters>
<autoIncrementCycle>false</autoIncrementCycle>
</Column>
<Column name="class_timelimit" id="9AD8224E-56AA-7D42-8294-EA9A36D65D95">
<createdBy>Yiwei</createdBy>
<createdTime>2018-04-19 16:37:29 UTC</createdTime>
<comment>how long can borrower borrowe a book</comment>
<commentInRDBMS>how long can borrower borrowe a book</commentInRDBMS>
<generatorID>39CCE8F5-6ADA-164F-7FCD-3DB9D2A9F609</generatorID>
<ownerDesignName>MyModel</ownerDesignName>
<useDomainConstraints>false</useDomainConstraints>
<use>1</use>
<logicalDatatype>LOGDT019</logicalDatatype>
<dataTypePrecision>4</dataTypePrecision>
<ownDataTypeParameters>,4,</ownDataTypeParameters>
<autoIncrementCycle>false</autoIncrementCycle>
</Column>
</columns>
<indexes itemClass="oracle.dbtools.crest.model.design.relational.Index">
<ind_PK_UK id="6C7C21BB-57E6-29A9-D9F7-B61110FE3B84" name="CLASS_PK">
<createdBy>Yiwei</createdBy>
<createdTime>2018-04-19 16:37:29 UTC</createdTime>
<generatorID>55BCF620-0CD0-9B2C-6945-26E3D77AB71A</generatorID>
<ownerDesignName>MyModel</ownerDesignName>
<pk>true</pk>
<indexState>Primary Constraint</indexState>
<isSurrogateKey>false</isSurrogateKey>
<indexColumnUsage>
<colUsage columnID="52BA4844-CF18-7E33-6843-AB15F35CF704"/>
</indexColumnUsage>
</ind_PK_UK>
</indexes>
</Table>