<?xml version = '1.0' encoding = 'UTF-8'?>
<Table class="oracle.dbtools.crest.model.design.relational.Table" directorySegmentName="seg_0" id="C2C2BC22-2664-3B4F-37E1-176BD5A1EFF1" name="MANAGER">
<createdBy>Yiwei</createdBy>
<createdTime>2018-04-19 16:37:29 UTC</createdTime>
<generatorID>56678407-3BE9-672D-3413-49DD11CA5FB5</generatorID>
<ownerDesignName>MyModel</ownerDesignName>
<allowColumnReorder>false</allowColumnReorder>
<existDependencyGenerateInDDl>true</existDependencyGenerateInDDl>
<parsed>true</parsed>
<columns itemClass="oracle.dbtools.crest.model.design.relational.Column">
<Column name="man_id" id="871B8C1A-B4C4-C130-423B-C0D18F6E92D0">
<createdBy>Yiwei</createdBy>
<createdTime>2018-04-19 16:37:29 UTC</createdTime>
<comment>Each manager is assigned a manger id</comment>
<commentInRDBMS>Each manager is assigned a manger id</commentInRDBMS>
<generatorID>4B1CE8E5-5DFF-4D92-8C7B-9964B1DBD596</generatorID>
<ownerDesignName>MyModel</ownerDesignName>
<useDomainConstraints>false</useDomainConstraints>
<use>1</use>
<logicalDatatype>LOGDT019</logicalDatatype>
<dataTypePrecision>7</dataTypePrecision>
<ownDataTypeParameters>,7,</ownDataTypeParameters>
<autoIncrementColumn>true</autoIncrementColumn>
<autoIncrementCycle>false</autoIncrementCycle>
<autoIncrementGenerateTrigger>false</autoIncrementGenerateTrigger>
</Column>
<Column name="man_name" id="D6EC93E3-3241-FEF6-9A77-9888555F4F7C">
<createdBy>Yiwei</createdBy>
<createdTime>2018-04-19 16:37:29 UTC</createdTime>
<comment>The name of a manager</comment>
<commentInRDBMS>The name of a manager</commentInRDBMS>
<generatorID>CFE0F5DE-07FD-A553-221C-B1E161FFD91F</generatorID>
<ownerDesignName>MyModel</ownerDesignName>
<useDomainConstraints>false</useDomainConstraints>
<use>1</use>
<logicalDatatype>LOGDT024</logicalDatatype>
<dataTypeSize>50</dataTypeSize>
<ownDataTypeParameters>50,,</ownDataTypeParameters>
<autoIncrementCycle>false</autoIncrementCycle>
</Column>
<Column name="man_phone" id="EF30F972-8B03-7F11-71F4-12A5AE9AA297">
<createdBy>Yiwei</createdBy>
<createdTime>2018-04-19 16:37:29 UTC</createdTime>
<comment>The phone number of a manager</comment>
<commentInRDBMS>The phone number of a manager</commentInRDBMS>
<generatorID>34A15A70-230B-A032-D87F-2F652A88FF3B</generatorID>
<ownerDesignName>MyModel</ownerDesignName>
<useDomainConstraints>false</useDomainConstraints>
<use>1</use>
<logicalDatatype>LOGDT019</logicalDatatype>
<dataTypePrecision>10</dataTypePrecision>
<ownDataTypeParameters>,10,</ownDataTypeParameters>
<autoIncrementCycle>false</autoIncrementCycle>
</Column>
<Column name="branch_code" id="B90E3986-9633-7CF9-1963-1D009903D682">
<createdBy>Yiwei</createdBy>
<createdTime>2018-04-19 16:37:29 UTC</createdTime>
<comment>For each branch Monash Library Services assigns a branch code</comment>
<commentInRDBMS>For each branch Monash Library Services assigns a branch code</commentInRDBMS>
<generatorID>3E75132C-923A-30EE-B38B-64D2D2785249</generatorID>
<ownerDesignName>MyModel</ownerDesignName>
<useDomainConstraints>false</useDomainConstraints>
<use>1</use>
<logicalDatatype>LOGDT019</logicalDatatype>
<dataTypePrecision>5</dataTypePrecision>
<ownDataTypeParameters>,,</ownDataTypeParameters>
<previousColumn>false</previousColumn>
<autoIncrementCycle>false</autoIncrementCycle>
<associations>
<colAssociation fkAssociation="0E09FFC4-9CAA-818E-8137-52692360D086" referredColumn="FA51D093-E4C3-0BCF-D06E-FFEFC5BD15C8"/>
</associations>
</Column>
</columns>
<indexes itemClass="oracle.dbtools.crest.model.design.relational.Index">
<ind_PK_UK id="CE1B60C3-415E-29AF-F60D-492A52681C8B" name="MANAGER_PK">
<createdBy>Yiwei</createdBy>
<createdTime>2018-04-19 16:37:29 UTC</createdTime>
<generatorID>A25AE74F-019A-A75B-863A-4D6F36189D83</generatorID>
<ownerDesignName>MyModel</ownerDesignName>
<pk>true</pk>
<indexState>Primary Constraint</indexState>
<isSurrogateKey>false</isSurrogateKey>
<indexColumnUsage>
<colUsage columnID="871B8C1A-B4C4-C130-423B-C0D18F6E92D0"/>
</indexColumnUsage>
</ind_PK_UK>
<ind_PK_UK id="B2E06DC2-A8D6-0E33-7144-FDA2EF166CB5" name="MANAGER__IDX">
<createdBy>Yiwei</createdBy>
<createdTime>2018-04-19 16:37:29 UTC</createdTime>
<ownerDesignName>MyModel</ownerDesignName>
<indexState>Unique Plain Index</indexState>
<isSurrogateKey>false</isSurrogateKey>
<relationGeneratorID>9C8DA341-42B1-414C-4CE7-F0C8B6AFED67</relationGeneratorID>
<indexColumnUsage>
<colUsage columnID="B90E3986-9633-7CF9-1963-1D009903D682"/>
</indexColumnUsage>
</ind_PK_UK>
<ind_PK_UK id="FF4CF843-03B3-7C3C-2BAB-FF5ABE7F0E50" name="MANAGER_BRANCH_FK">
<createdBy>Yiwei</createdBy>
<createdTime>2018-04-19 16:37:29 UTC</createdTime>
<generatorID>9C8DA341-42B1-414C-4CE7-F0C8B6AFED67</generatorID>
<ownerDesignName>MyModel</ownerDesignName>
<indexState>Foreign Key</indexState>
<isSurrogateKey>false</isSurrogateKey>
<indexColumnUsage>
<colUsage columnID="B90E3986-9633-7CF9-1963-1D009903D682"/>
</indexColumnUsage>
</ind_PK_UK>
</indexes>
</Table>