<?xml version = '1.0' encoding = 'UTF-8'?>
<Table class="oracle.dbtools.crest.model.design.relational.Table" directorySegmentName="seg_0" id="C80344A7-B8A4-A780-19FD-1FD97642BE38" name="FINE">
<createdBy>Yiwei</createdBy>
<createdTime>2018-04-19 16:37:29 UTC</createdTime>
<generatorID>EDDDD24F-3A5E-309A-2A03-746F1B277C17</generatorID>
<ownerDesignName>MyModel</ownerDesignName>
<allowColumnReorder>false</allowColumnReorder>
<existDependencyGenerateInDDl>true</existDependencyGenerateInDDl>
<parsed>true</parsed>
<columns itemClass="oracle.dbtools.crest.model.design.relational.Column">
<Column name="loan_no" id="9FC60F97-8B8A-365C-206E-874690A8D958">
<createdBy>Yiwei</createdBy>
<createdTime>2018-04-19 16:37:29 UTC</createdTime>
<comment>the unique number for each loan</comment>
<commentInRDBMS>the unique number for each loan</commentInRDBMS>
<generatorID>A3586493-05B3-F3A1-1F77-3BBB44585D7E</generatorID>
<ownerDesignName>MyModel</ownerDesignName>
<useDomainConstraints>false</useDomainConstraints>
<use>1</use>
<logicalDatatype>LOGDT019</logicalDatatype>
<dataTypePrecision>10</dataTypePrecision>
<ownDataTypeParameters>,,</ownDataTypeParameters>
<previousColumn>false</previousColumn>
<autoIncrementCycle>false</autoIncrementCycle>
<associations>
<colAssociation fkAssociation="C17D08D9-9B53-8BAB-039C-9BE7048EE543" referredColumn="9C89EC20-DC71-E732-EF52-02DAE7A00675"/>
</associations>
</Column>
<Column name="fine_amout" id="0F88217B-C2EB-BCF0-436C-F590B17C454E">
<createdBy>Yiwei</createdBy>
<createdTime>2018-04-19 16:37:29 UTC</createdTime>
<comment>the amount of the fine</comment>
<commentInRDBMS>the amount of the fine</commentInRDBMS>
<generatorID>5B18AAF4-2C28-9F91-4395-EA71692213C6</generatorID>
<ownerDesignName>MyModel</ownerDesignName>
<useDomainConstraints>false</useDomainConstraints>
<use>1</use>
<logicalDatatype>LOGDT019</logicalDatatype>
<dataTypePrecision>6</dataTypePrecision>
<dataTypeScale>0</dataTypeScale>
<ownDataTypeParameters>,6,0</ownDataTypeParameters>
<autoIncrementCycle>false</autoIncrementCycle>
</Column>
<Column name="fine_date" id="E5685EE5-AC1B-3FC2-D640-AF167F06547D">
<createdBy>Yiwei</createdBy>
<createdTime>2018-04-19 16:37:29 UTC</createdTime>
<comment>when the fine is paid</comment>
<commentInRDBMS>when the fine is paid</commentInRDBMS>
<generatorID>A1A12F82-DE9C-1CEA-79F8-D188A8B272D6</generatorID>
<ownerDesignName>MyModel</ownerDesignName>
<nullsAllowed>true</nullsAllowed>
<useDomainConstraints>false</useDomainConstraints>
<use>1</use>
<logicalDatatype>LOGDT007</logicalDatatype>
<ownDataTypeParameters>,,</ownDataTypeParameters>
<autoIncrementCycle>false</autoIncrementCycle>
</Column>
</columns>
<indexes itemClass="oracle.dbtools.crest.model.design.relational.Index">
<ind_PK_UK id="C584D220-47F8-55FE-8529-0AA2B5B19320" name="FINE_PK">
<createdBy>Yiwei</createdBy>
<createdTime>2018-04-19 16:37:29 UTC</createdTime>
<generatorID>D1485431-C58F-C520-575C-1FA79ACBBCC9</generatorID>
<ownerDesignName>MyModel</ownerDesignName>
<pk>true</pk>
<indexState>Primary Constraint</indexState>
<isSurrogateKey>false</isSurrogateKey>
<indexColumnUsage>
<colUsage columnID="9FC60F97-8B8A-365C-206E-874690A8D958"/>
</indexColumnUsage>
</ind_PK_UK>
<ind_PK_UK id="FAC95DC1-F0FB-03D7-5141-5355350D390A" name="FINE_LOAN_FK">
<createdBy>Yiwei</createdBy>
<createdTime>2018-04-19 16:37:29 UTC</createdTime>
<generatorID>51A0116B-56A8-07C3-806D-178FA7E4C742</generatorID>
<ownerDesignName>MyModel</ownerDesignName>
<indexState>Foreign Key</indexState>
<isSurrogateKey>false</isSurrogateKey>
<indexColumnUsage>
<colUsage columnID="9FC60F97-8B8A-365C-206E-874690A8D958"/>
</indexColumnUsage>
</ind_PK_UK>
</indexes>
</Table>