<?xml version = '1.0' encoding = 'UTF-8'?>
<Table class="oracle.dbtools.crest.model.design.relational.Table" directorySegmentName="seg_0" id="D45C3A89-5FC7-7348-1E80-EC69778F0E19" name="LOAN">
<createdBy>Yiwei</createdBy>
<createdTime>2018-04-19 16:37:29 UTC</createdTime>
<generatorID>044D6DF8-1B24-C16F-2DC2-420A3CD5675A</generatorID>
<ownerDesignName>MyModel</ownerDesignName>
<allowColumnReorder>false</allowColumnReorder>
<existDependencyGenerateInDDl>true</existDependencyGenerateInDDl>
<parsed>true</parsed>
<columns itemClass="oracle.dbtools.crest.model.design.relational.Column">
<Column name="loan_no" id="9C89EC20-DC71-E732-EF52-02DAE7A00675">
<createdBy>Yiwei</createdBy>
<createdTime>2018-04-19 16:37:29 UTC</createdTime>
<comment>the unique number for each loan</comment>
<commentInRDBMS>the unique number for each loan</commentInRDBMS>
<generatorID>D1ABD4F8-035A-4222-153D-6E6A7060C782</generatorID>
<ownerDesignName>MyModel</ownerDesignName>
<useDomainConstraints>false</useDomainConstraints>
<use>1</use>
<logicalDatatype>LOGDT019</logicalDatatype>
<dataTypePrecision>10</dataTypePrecision>
<ownDataTypeParameters>,10,</ownDataTypeParameters>
<autoIncrementColumn>true</autoIncrementColumn>
<autoIncrementCycle>false</autoIncrementCycle>
<autoIncrementGenerateTrigger>false</autoIncrementGenerateTrigger>
</Column>
<Column name="loan_date" id="A61075DD-E5BD-8424-D78A-07E18DFBABE3">
<createdBy>Yiwei</createdBy>
<createdTime>2018-04-19 16:37:29 UTC</createdTime>
<comment>The date of loan</comment>
<commentInRDBMS>The date of loan</commentInRDBMS>
<generatorID>6E536C80-3375-F1F9-DBEE-2264EC8C8B1B</generatorID>
<ownerDesignName>MyModel</ownerDesignName>
<useDomainConstraints>false</useDomainConstraints>
<use>1</use>
<logicalDatatype>LOGDT007</logicalDatatype>
<ownDataTypeParameters>,,</ownDataTypeParameters>
<autoIncrementCycle>false</autoIncrementCycle>
</Column>
<Column name="loan_returndate" id="07F19944-E8A1-1777-4EFC-170C43469284">
<createdBy>Yiwei</createdBy>
<createdTime>2018-04-19 16:37:29 UTC</createdTime>
<comment>the calculated return date</comment>
<commentInRDBMS>the calculated return date</commentInRDBMS>
<generatorID>2CCB488E-B7CB-F4C0-FD13-ABCCA8DAB090</generatorID>
<ownerDesignName>MyModel</ownerDesignName>
<useDomainConstraints>false</useDomainConstraints>
<use>1</use>
<logicalDatatype>LOGDT007</logicalDatatype>
<ownDataTypeParameters>,,</ownDataTypeParameters>
<autoIncrementCycle>false</autoIncrementCycle>
</Column>
<Column name="bor_no" id="095F0E77-9538-048A-641F-30586BFDA0E4">
<createdBy>Yiwei</createdBy>
<createdTime>2018-04-19 16:37:29 UTC</createdTime>
<comment>Each borrower is identified by a borrower number</comment>
<commentInRDBMS>Each borrower is identified by a borrower number</commentInRDBMS>
<generatorID>E3AE428F-97FC-A588-68FB-5E98B91A9A33</generatorID>
<ownerDesignName>MyModel</ownerDesignName>
<useDomainConstraints>false</useDomainConstraints>
<use>1</use>
<logicalDatatype>LOGDT019</logicalDatatype>
<dataTypePrecision>8</dataTypePrecision>
<ownDataTypeParameters>,,</ownDataTypeParameters>
<previousColumn>false</previousColumn>
<autoIncrementCycle>false</autoIncrementCycle>
<associations>
<colAssociation fkAssociation="61CDAD31-B79D-01C7-CCF6-7B998C6175C2" referredColumn="6E0698C4-FA6B-1E8B-38AC-3DA766F9D6DB"/>
</associations>
</Column>
<Column name="copy_barcode" id="3F126CD8-78A5-78CF-15C5-A95DC5C4779A">
<createdBy>Yiwei</createdBy>
<createdTime>2018-04-19 16:37:29 UTC</createdTime>
<comment>each copy of a title is identified by a barcode</comment>
<commentInRDBMS>each copy of a title is identified by a barcode</commentInRDBMS>
<generatorID>0611F9EE-5B93-41B5-AC06-305E9DED2863</generatorID>
<ownerDesignName>MyModel</ownerDesignName>
<useDomainConstraints>false</useDomainConstraints>
<use>1</use>
<logicalDatatype>LOGDT024</logicalDatatype>
<dataTypeSize>25</dataTypeSize>
<ownDataTypeParameters>,,</ownDataTypeParameters>
<previousColumn>false</previousColumn>
<autoIncrementCycle>false</autoIncrementCycle>
<associations>
<colAssociation fkAssociation="893EFB2E-3A47-B2F9-B075-1B199F6BB1B4" referredColumn="AC46F254-AFAE-9626-D7CD-3841AEB606BB"/>
</associations>
</Column>
</columns>
<indexes itemClass="oracle.dbtools.crest.model.design.relational.Index">
<ind_PK_UK id="ED40521C-544D-064F-900C-33EECB965112" name="LOAN_PK">
<createdBy>Yiwei</createdBy>
<createdTime>2018-04-19 16:37:29 UTC</createdTime>
<generatorID>1B42D5AD-250D-2AAF-3971-16EBB865A9F8</generatorID>
<ownerDesignName>MyModel</ownerDesignName>
<pk>true</pk>
<indexState>Primary Constraint</indexState>
<isSurrogateKey>false</isSurrogateKey>
<indexColumnUsage>
<colUsage columnID="9C89EC20-DC71-E732-EF52-02DAE7A00675"/>
</indexColumnUsage>
</ind_PK_UK>
<ind_PK_UK id="84A11F96-C369-9E0E-724E-0363E7573DAF" name="LOAN_UN">
<createdBy>Yiwei</createdBy>
<createdTime>2018-04-21 15:02:58 UTC</createdTime>
<generatorID>F5451E09-8AC8-17F3-1C2E-E86645E822C8</generatorID>
<ownerDesignName>MyModel</ownerDesignName>
<indexState>Unique Constraint</indexState>
<isSurrogateKey>false</isSurrogateKey>
<indexColumnUsage>
<colUsage columnID="A61075DD-E5BD-8424-D78A-07E18DFBABE3"/>
<colUsage columnID="3F126CD8-78A5-78CF-15C5-A95DC5C4779A"/>
<colUsage columnID="095F0E77-9538-048A-641F-30586BFDA0E4"/>
</indexColumnUsage>
</ind_PK_UK>
<ind_PK_UK id="43B23E63-F529-56CA-0BAA-838CE95E509B" name="LOAN_BORROWER_FK">
<createdBy>Yiwei</createdBy>
<createdTime>2018-04-19 16:37:29 UTC</createdTime>
<generatorID>AF95763E-460D-767E-71B2-22E8F63CBA89</generatorID>
<ownerDesignName>MyModel</ownerDesignName>
<indexState>Foreign Key</indexState>
<isSurrogateKey>false</isSurrogateKey>
<indexColumnUsage>
<colUsage columnID="095F0E77-9538-048A-641F-30586BFDA0E4"/>
</indexColumnUsage>
</ind_PK_UK>
<ind_PK_UK id="2AF02413-BAF3-FA7F-8F21-1A01B4AF6447" name="LOAN_COPY_FK">
<createdBy>Yiwei</createdBy>
<createdTime>2018-04-19 16:37:29 UTC</createdTime>
<generatorID>21602BD2-EEF7-FE09-03BD-42D35671BDE0</generatorID>
<ownerDesignName>MyModel</ownerDesignName>
<indexState>Foreign Key</indexState>
<isSurrogateKey>false</isSurrogateKey>
<indexColumnUsage>
<colUsage columnID="3F126CD8-78A5-78CF-15C5-A95DC5C4779A"/>
</indexColumnUsage>
</ind_PK_UK>
</indexes>
</Table>