<?xml version = '1.0' encoding = 'UTF-8'?>
<Table class="oracle.dbtools.crest.model.design.relational.Table" directorySegmentName="seg_0" id="D7C01863-1F83-FA1D-049A-7A0DCB4D438E" name="BOOK">
<createdBy>Yiwei</createdBy>
<createdTime>2018-04-19 16:37:29 UTC</createdTime>
<generatorID>8149BB00-4CFA-ABD2-273D-BF7BC56B1F28</generatorID>
<ownerDesignName>MyModel</ownerDesignName>
<allowColumnReorder>false</allowColumnReorder>
<existDependencyGenerateInDDl>true</existDependencyGenerateInDDl>
<parsed>true</parsed>
<columns itemClass="oracle.dbtools.crest.model.design.relational.Column">
<Column name="book_callno" id="691CC9F7-611C-C141-1AEF-06D420DD0043">
<createdBy>Yiwei</createdBy>
<createdTime>2018-04-19 16:37:29 UTC</createdTime>
<comment>The information held about a title is its Dewey Decimal call no (20 characters) - this call no is used to identify a particular title and for shelving books.</comment>
<commentInRDBMS>The information held about a title is its Dewey Decimal call no (20 characters) - this call no is used to identify a particular title and for shelving books.</commentInRDBMS>
<generatorID>CD7E9CE0-523A-5F8E-0275-802FD4777D9C</generatorID>
<ownerDesignName>MyModel</ownerDesignName>
<useDomainConstraints>false</useDomainConstraints>
<use>1</use>
<logicalDatatype>LOGDT025</logicalDatatype>
<dataTypeSize>20</dataTypeSize>
<ownDataTypeParameters>20,,</ownDataTypeParameters>
<autoIncrementCycle>false</autoIncrementCycle>
</Column>
<Column name="book_title" id="AF037449-1642-6BF6-5687-691F1633FD78">
<createdBy>Yiwei</createdBy>
<createdTime>2018-04-19 16:37:29 UTC</createdTime>
<comment>The title of a book</comment>
<commentInRDBMS>The title of a book</commentInRDBMS>
<generatorID>2C1D0C14-60B7-CFE1-503E-38F066187EA7</generatorID>
<ownerDesignName>MyModel</ownerDesignName>
<useDomainConstraints>false</useDomainConstraints>
<use>1</use>
<logicalDatatype>LOGDT024</logicalDatatype>
<dataTypeSize>100</dataTypeSize>
<ownDataTypeParameters>100,,</ownDataTypeParameters>
<autoIncrementCycle>false</autoIncrementCycle>
</Column>
<Column name="book_discription" id="E6490969-285E-365A-2EC3-9444F03750C4">
<createdBy>Yiwei</createdBy>
<createdTime>2018-04-19 16:37:29 UTC</createdTime>
<comment>The discription of a book</comment>
<commentInRDBMS>The discription of a book</commentInRDBMS>
<generatorID>978B427E-918C-6384-E32C-C8C6201508CA</generatorID>
<ownerDesignName>MyModel</ownerDesignName>
<useDomainConstraints>false</useDomainConstraints>
<use>1</use>
<logicalDatatype>LOGDT024</logicalDatatype>
<dataTypeSize>500</dataTypeSize>
<ownDataTypeParameters>500,,</ownDataTypeParameters>
<autoIncrementCycle>false</autoIncrementCycle>
</Column>
<Column name="book_pubdate" id="5998F25B-A357-AB85-5B3F-B5F1D5ACF38F">
<createdBy>Yiwei</createdBy>
<createdTime>2018-04-19 16:37:29 UTC</createdTime>
<comment>The publish date of a book</comment>
<commentInRDBMS>The publish date of a book</commentInRDBMS>
<generatorID>B3049D09-AE4D-4740-70D8-EED70DB00C9E</generatorID>
<ownerDesignName>MyModel</ownerDesignName>
<useDomainConstraints>false</useDomainConstraints>
<use>1</use>
<logicalDatatype>LOGDT007</logicalDatatype>
<ownDataTypeParameters>,,</ownDataTypeParameters>
<autoIncrementCycle>false</autoIncrementCycle>
</Column>
<Column name="book_edtion" id="313D580D-F541-E12A-F4BF-31F6294BE620">
<createdBy>Yiwei</createdBy>
<createdTime>2018-04-19 16:37:29 UTC</createdTime>
<comment>The edtion of a book</comment>
<commentInRDBMS>The edtion of a book</commentInRDBMS>
<generatorID>5022F094-E4ED-1F2E-FC82-628A153EA1C2</generatorID>
<ownerDesignName>MyModel</ownerDesignName>
<useDomainConstraints>false</useDomainConstraints>
<use>1</use>
<logicalDatatype>LOGDT019</logicalDatatype>
<dataTypePrecision>3</dataTypePrecision>
<ownDataTypeParameters>,3,</ownDataTypeParameters>
<autoIncrementCycle>false</autoIncrementCycle>
</Column>
<Column name="book_pages" id="6BF63B0D-B40D-5256-BC40-16B903A0E3EF">
<createdBy>Yiwei</createdBy>
<createdTime>2018-04-19 16:37:29 UTC</createdTime>
<comment>The pages of a book</comment>
<commentInRDBMS>The pages of a book</commentInRDBMS>
<generatorID>20E3429C-8FDE-FA71-A4D3-52B154E6CAA4</generatorID>
<ownerDesignName>MyModel</ownerDesignName>
<useDomainConstraints>false</useDomainConstraints>
<use>1</use>
<logicalDatatype>LOGDT019</logicalDatatype>
<dataTypePrecision>4</dataTypePrecision>
<ownDataTypeParameters>,4,</ownDataTypeParameters>
<autoIncrementCycle>false</autoIncrementCycle>
</Column>
<Column name="book_language" id="A282E314-E78B-73E1-88A9-9F15FDA7AF41">
<createdBy>Yiwei</createdBy>
<createdTime>2018-04-19 16:37:29 UTC</createdTime>
<comment>The language of a book</comment>
<commentInRDBMS>The language of a book</commentInRDBMS>
<generatorID>8C9743A3-774B-7B40-074A-BCBE1BC16A8E</generatorID>
<ownerDesignName>MyModel</ownerDesignName>
<useDomainConstraints>false</useDomainConstraints>
<use>1</use>
<logicalDatatype>LOGDT025</logicalDatatype>
<dataTypeSize>20</dataTypeSize>
<ownDataTypeParameters>20,,</ownDataTypeParameters>
<autoIncrementCycle>false</autoIncrementCycle>
</Column>
<Column name="book_isfiction" id="20C52789-9D57-EC4B-81C5-FFAC583883F8">
<createdBy>Yiwei</createdBy>
<createdTime>2018-04-19 16:37:29 UTC</createdTime>
<comment>A flag to distinguish fiction from non-fiction</comment>
<commentInRDBMS>A flag to distinguish fiction from reference</commentInRDBMS>
<generatorID>CFBE1633-D386-017B-621C-121A74FAF55E</generatorID>
<ownerDesignName>MyModel</ownerDesignName>
<useDomainConstraints>false</useDomainConstraints>
<use>1</use>
<logicalDatatype>LOGDT019</logicalDatatype>
<dataTypePrecision>1</dataTypePrecision>
<listOfValues>
<valueDef value="0" description="isFiction"/>
<valueDef value="1" description="isReference"/>
</listOfValues>
<ownDataTypeParameters>,1,</ownDataTypeParameters>
<autoIncrementCycle>false</autoIncrementCycle>
</Column>
<Column name="book_difficult" id="BF8F157B-2C9A-375A-69D7-92B9E380B278">
<createdBy>Yiwei</createdBy>
<createdTime>2018-04-19 16:37:29 UTC</createdTime>
<comment>reading difficultiy of a fiction</comment>
<commentInRDBMS>reading difficultiy of a fiction</commentInRDBMS>
<generatorID>CA91212A-2910-F3C0-BEF1-85663862BBF0</generatorID>
<ownerDesignName>MyModel</ownerDesignName>
<constraintName>Difficultiy levels</constraintName>
<nullsAllowed>true</nullsAllowed>
<useDomainConstraints>false</useDomainConstraints>
<use>1</use>
<logicalDatatype>LOGDT019</logicalDatatype>
<dataTypePrecision>2</dataTypePrecision>
<listOfValues>
<valueDef value="1" description=""/>
<valueDef value="10" description=""/>
<valueDef value="11" description=""/>
<valueDef value="12" description=""/>
<valueDef value="13" description=""/>
<valueDef value="14" description=""/>
<valueDef value="15" description=""/>
<valueDef value="16" description=""/>
<valueDef value="17" description=""/>
<valueDef value="18" description=""/>
<valueDef value="19" description=""/>
<valueDef value="2" description=""/>
<valueDef value="20" description=""/>
<valueDef value="21" description=""/>
<valueDef value="22" description=""/>
<valueDef value="23" description=""/>
<valueDef value="24" description=""/>
<valueDef value="25" description=""/>
<valueDef value="26" description=""/>
<valueDef value="27" description=""/>
<valueDef value="28" description=""/>
<valueDef value="29" description=""/>
<valueDef value="3" description=""/>
<valueDef value="30" description=""/>
<valueDef value="4" description=""/>
<valueDef value="5" description=""/>
<valueDef value="6" description=""/>
<valueDef value="7" description=""/>
<valueDef value="8" description=""/>
<valueDef value="9" description=""/>
</listOfValues>
<ownDataTypeParameters>,2,</ownDataTypeParameters>
<autoIncrementCycle>false</autoIncrementCycle>
</Column>
<Column name="book_notes" id="13BC136A-9C75-BF52-F5B8-4B5430732A09">
<createdBy>Yiwei</createdBy>
<createdTime>2018-04-21 16:19:29 UTC</createdTime>
<comment>The notes of a book</comment>
<commentInRDBMS>The notes of a book</commentInRDBMS>
<generatorID>47E8A0CD-1771-6710-1DE0-3EA73CD9CC33</generatorID>
<ownerDesignName>MyModel</ownerDesignName>
<nullsAllowed>true</nullsAllowed>
<useDomainConstraints>false</useDomainConstraints>
<use>1</use>
<logicalDatatype>LOGDT024</logicalDatatype>
<dataTypeSize>500</dataTypeSize>
<ownDataTypeParameters>500,,</ownDataTypeParameters>
<autoIncrementCycle>false</autoIncrementCycle>
</Column>
<Column name="pub_id" id="70738E6A-45E2-6BE5-6DCD-7CA18E522CDC">
<createdBy>Yiwei</createdBy>
<createdTime>2018-04-21 16:19:29 UTC</createdTime>
<comment>The ID number of a publiser</comment>
<commentInRDBMS>The ID number of a publiser</commentInRDBMS>
<generatorID>C0C5DA52-B59B-B5EE-74C0-C274C21F3C3B</generatorID>
<ownerDesignName>MyModel</ownerDesignName>
<useDomainConstraints>false</useDomainConstraints>
<use>1</use>
<logicalDatatype>LOGDT019</logicalDatatype>
<dataTypePrecision>7</dataTypePrecision>
<ownDataTypeParameters>,7,</ownDataTypeParameters>
<previousColumn>false</previousColumn>
<autoIncrementCycle>false</autoIncrementCycle>
<associations>
<colAssociation fkAssociation="0BAB14FE-8398-A3BF-4A67-A3E08B350880" referredColumn="BCC4DFA2-6911-3429-1195-A67685B32F57"/>
</associations>
</Column>
</columns>
<indexes itemClass="oracle.dbtools.crest.model.design.relational.Index">
<ind_PK_UK id="E7310443-E5FF-35D4-58DB-4F53397C54A1" name="BOOK_PK">
<createdBy>Yiwei</createdBy>
<createdTime>2018-04-19 16:37:29 UTC</createdTime>
<generatorID>EE108E8B-4116-7363-9957-0D81519F2D67</generatorID>
<ownerDesignName>MyModel</ownerDesignName>
<pk>true</pk>
<indexState>Primary Constraint</indexState>
<isSurrogateKey>false</isSurrogateKey>
<indexColumnUsage>
<colUsage columnID="691CC9F7-611C-C141-1AEF-06D420DD0043"/>
</indexColumnUsage>
</ind_PK_UK>
<ind_PK_UK id="831B84CD-5A96-6AA9-BA00-5FB67B723863" name="BOOK_PUBLISHER_FK">
<createdBy>Yiwei</createdBy>
<createdTime>2018-04-21 16:19:29 UTC</createdTime>
<generatorID>C0C89402-FDE3-A39F-23F0-172C35B6233A</generatorID>
<ownerDesignName>MyModel</ownerDesignName>
<indexState>Foreign Key</indexState>
<isSurrogateKey>false</isSurrogateKey>
<indexColumnUsage>
<colUsage columnID="70738E6A-45E2-6BE5-6DCD-7CA18E522CDC"/>
</indexColumnUsage>
</ind_PK_UK>
</indexes>
</Table>