<?xml version = '1.0' encoding = 'UTF-8'?>
<Entity class="oracle.dbtools.crest.model.design.logical.Entity" directorySegmentName="seg_0" id="044D6DF8-1B24-C16F-2DC2-420A3CD5675A" name="LOAN">
<createdBy>Yiwei</createdBy>
<createdTime>2018-04-19 15:43:34 UTC</createdTime>
<ownerDesignName>MyModel</ownerDesignName>
<engineerTo>
<item key="B81FE7DB-A7E9-C7CA-2C63-7926A48C7CD0" value="true"/>
</engineerTo>
<adequatelyNormalized>NO</adequatelyNormalized>
<expectedVolumes>0</expectedVolumes>
<fwdEngineeringStrategyName>Single Table</fwdEngineeringStrategyName>
<growthPercent>0</growthPercent>
<growthType>Year</growthType>
<maxVolumes>9999999</maxVolumes>
<minVolumes>0</minVolumes>
<normalForm>Third</normalForm>
<attributes itemClass="oracle.dbtools.crest.model.design.logical.Attribute">
<Attribute name="loan_no" id="D1ABD4F8-035A-4222-153D-6E6A7060C782">
<createdBy>Yiwei</createdBy>
<createdTime>2018-04-19 15:51:03 UTC</createdTime>
<comment>the unique number for each loan</comment>
<commentInRDBMS>the unique number for each loan</commentInRDBMS>
<ownerDesignName>MyModel</ownerDesignName>
<engineerTo>
<item key="B81FE7DB-A7E9-C7CA-2C63-7926A48C7CD0" value="true"/>
</engineerTo>
<useDomainConstraints>false</useDomainConstraints>
<use>1</use>
<logicalDatatype>LOGDT019</logicalDatatype>
<dataTypePrecision>10</dataTypePrecision>
<ownDataTypeParameters>,10,</ownDataTypeParameters>
</Attribute>
<Attribute name="loan_date" id="6E536C80-3375-F1F9-DBEE-2264EC8C8B1B">
<createdBy>Yiwei</createdBy>
<createdTime>2018-04-19 15:51:44 UTC</createdTime>
<comment>The date of loan</comment>
<commentInRDBMS>The date of loan</commentInRDBMS>
<ownerDesignName>MyModel</ownerDesignName>
<engineerTo>
<item key="B81FE7DB-A7E9-C7CA-2C63-7926A48C7CD0" value="true"/>
</engineerTo>
<useDomainConstraints>false</useDomainConstraints>
<use>1</use>
<logicalDatatype>LOGDT007</logicalDatatype>
<ownDataTypeParameters>,,</ownDataTypeParameters>
</Attribute>
<Attribute name="loan_returndate" id="2CCB488E-B7CB-F4C0-FD13-ABCCA8DAB090">
<createdBy>Yiwei</createdBy>
<createdTime>2018-04-19 15:52:57 UTC</createdTime>
<comment>the calculated return date</comment>
<commentInRDBMS>the calculated return date</commentInRDBMS>
<ownerDesignName>MyModel</ownerDesignName>
<engineerTo>
<item key="B81FE7DB-A7E9-C7CA-2C63-7926A48C7CD0" value="true"/>
</engineerTo>
<useDomainConstraints>false</useDomainConstraints>
<use>1</use>
<logicalDatatype>LOGDT007</logicalDatatype>
<ownDataTypeParameters>,,</ownDataTypeParameters>
</Attribute>
<Attribute name="bor_no" id="E3AE428F-97FC-A588-68FB-5E98B91A9A33">
<createdBy>Yiwei</createdBy>
<createdTime>2018-04-19 15:54:55 UTC</createdTime>
<comment>Each borrower is identified by a borrower number</comment>
<commentInRDBMS>Each borrower is identified by a borrower number</commentInRDBMS>
<generatorID>AF95763E-460D-767E-71B2-22E8F63CBA89</generatorID>
<ownerDesignName>MyModel</ownerDesignName>
<engineerTo>
<item key="B81FE7DB-A7E9-C7CA-2C63-7926A48C7CD0" value="true"/>
</engineerTo>
<referedAttribute>D96C89F4-9CA7-03A2-7686-47417D39E7DD</referedAttribute>
<useDomainConstraints>false</useDomainConstraints>
<use>1</use>
<logicalDatatype>LOGDT019</logicalDatatype>
<dataTypePrecision>8</dataTypePrecision>
<ownDataTypeParameters>,8,</ownDataTypeParameters>
</Attribute>
<Attribute name="copy_barcode" id="0611F9EE-5B93-41B5-AC06-305E9DED2863">
<createdBy>Yiwei</createdBy>
<createdTime>2018-04-19 16:01:58 UTC</createdTime>
<comment>each copy of a title is identified by a barcode</comment>
<commentInRDBMS>each copy of a title is identified by a barcode</commentInRDBMS>
<generatorID>21602BD2-EEF7-FE09-03BD-42D35671BDE0</generatorID>
<ownerDesignName>MyModel</ownerDesignName>
<engineerTo>
<item key="B81FE7DB-A7E9-C7CA-2C63-7926A48C7CD0" value="true"/>
</engineerTo>
<referedAttribute>D809986E-223A-936B-81B9-6E8D6C1DC44C</referedAttribute>
<useDomainConstraints>false</useDomainConstraints>
<use>1</use>
<logicalDatatype>LOGDT024</logicalDatatype>
<dataTypePrecision>20</dataTypePrecision>
<dataTypeSize>25</dataTypeSize>
<ownDataTypeParameters>,20,</ownDataTypeParameters>
</Attribute>
</attributes>
<identifiers itemClass="oracle.dbtools.crest.model.design.logical.CandidateKey">
<identifier id="1B42D5AD-250D-2AAF-3971-16EBB865A9F8" name="LOAN PK">
<createdBy>Yiwei</createdBy>
<createdTime>2018-04-19 15:51:36 UTC</createdTime>
<ownerDesignName>MyModel</ownerDesignName>
<shouldEngineer>false</shouldEngineer>
<engineerTo>
<item key="B81FE7DB-A7E9-C7CA-2C63-7926A48C7CD0" value="false"/>
</engineerTo>
<pk>true</pk>
<newElementsIDs>D1ABD4F8-035A-4222-153D-6E6A7060C782</newElementsIDs>
<usedAttributes>
<attributeRef>D1ABD4F8-035A-4222-153D-6E6A7060C782</attributeRef>
</usedAttributes>
</identifier>
<identifier id="F5451E09-8AC8-17F3-1C2E-E86645E822C8" name="Key_4">
<createdBy>Yiwei</createdBy>
<createdTime>2018-04-21 15:02:03 UTC</createdTime>
<ownerDesignName>MyModel</ownerDesignName>
<engineerTo>
<item key="B81FE7DB-A7E9-C7CA-2C63-7926A48C7CD0" value="true"/>
</engineerTo>
<newElementsIDs>6E536C80-3375-F1F9-DBEE-2264EC8C8B1B,21602BD2-EEF7-FE09-03BD-42D35671BDE0,AF95763E-460D-767E-71B2-22E8F63CBA89</newElementsIDs>
<usedAttributes>
<attributeRef>6E536C80-3375-F1F9-DBEE-2264EC8C8B1B</attributeRef>
<attributeRef>0611F9EE-5B93-41B5-AC06-305E9DED2863</attributeRef>
<attributeRef>E3AE428F-97FC-A588-68FB-5E98B91A9A33</attributeRef>
</usedAttributes>
</identifier>
</identifiers>
</Entity>