<?xml version = '1.0' encoding = 'UTF-8'?>
<Entity class="oracle.dbtools.crest.model.design.logical.Entity" directorySegmentName="seg_0" id="0640F50E-BE1B-9913-BFE4-861319A6EFA6" name="WRITE">
<createdBy>Yiwei</createdBy>
<createdTime>2018-04-19 12:43:00 UTC</createdTime>
<ownerDesignName>MyModel</ownerDesignName>
<engineerTo>
<item key="B81FE7DB-A7E9-C7CA-2C63-7926A48C7CD0" value="true"/>
</engineerTo>
<adequatelyNormalized>NO</adequatelyNormalized>
<expectedVolumes>0</expectedVolumes>
<fwdEngineeringStrategyName>Single Table</fwdEngineeringStrategyName>
<growthPercent>0</growthPercent>
<growthType>Year</growthType>
<maxVolumes>9999999</maxVolumes>
<minVolumes>0</minVolumes>
<normalForm>Third</normalForm>
<attributes itemClass="oracle.dbtools.crest.model.design.logical.Attribute">
<Attribute name="book_callno" id="81A75F90-7087-F552-C941-EE2ED9A6F819">
<createdBy>Yiwei</createdBy>
<createdTime>2018-04-19 15:21:14 UTC</createdTime>
<comment>The information held about a title is its Dewey Decimal call no (20 characters) - this call no is used to identify a particular title and for shelving books.</comment>
<commentInRDBMS>The information held about a title is its Dewey Decimal call no (20 characters) - this call no is used to identify a particular title and for shelving books.</commentInRDBMS>
<generatorID>CE80E947-E456-BBD7-3219-1C21E26E330B</generatorID>
<ownerDesignName>MyModel</ownerDesignName>
<engineerTo>
<item key="B81FE7DB-A7E9-C7CA-2C63-7926A48C7CD0" value="true"/>
</engineerTo>
<referedAttribute>CD7E9CE0-523A-5F8E-0275-802FD4777D9C</referedAttribute>
<useDomainConstraints>false</useDomainConstraints>
<use>1</use>
<logicalDatatype>LOGDT025</logicalDatatype>
<dataTypeSize>20</dataTypeSize>
<ownDataTypeParameters>20,,</ownDataTypeParameters>
</Attribute>
<Attribute name="aut_id" id="3B25A981-7FF4-D8FF-A5E6-744A785DC6A9">
<createdBy>Yiwei</createdBy>
<createdTime>2018-04-19 15:23:40 UTC</createdTime>
<comment>The id number of an author</comment>
<commentInRDBMS>The id number of an author</commentInRDBMS>
<generatorID>8EE334EA-EC38-A628-111A-FD8B0983D32F</generatorID>
<ownerDesignName>MyModel</ownerDesignName>
<engineerTo>
<item key="B81FE7DB-A7E9-C7CA-2C63-7926A48C7CD0" value="true"/>
</engineerTo>
<referedAttribute>0000312C-8C7A-138B-E39D-4212712DA27A</referedAttribute>
<useDomainConstraints>false</useDomainConstraints>
<use>1</use>
<logicalDatatype>LOGDT019</logicalDatatype>
<dataTypePrecision>10</dataTypePrecision>
<ownDataTypeParameters>,10,</ownDataTypeParameters>
</Attribute>
</attributes>
<identifiers itemClass="oracle.dbtools.crest.model.design.logical.CandidateKey">
<identifier id="0CC0CF9A-2E53-17A1-92F4-F1B76EED47DF" name="WRITE PK">
<createdBy>Yiwei</createdBy>
<createdTime>2018-04-19 12:43:31 UTC</createdTime>
<ownerDesignName>MyModel</ownerDesignName>
<shouldEngineer>false</shouldEngineer>
<engineerTo>
<item key="B81FE7DB-A7E9-C7CA-2C63-7926A48C7CD0" value="false"/>
</engineerTo>
<pk>true</pk>
<usedAttributes>
<attributeRef>81A75F90-7087-F552-C941-EE2ED9A6F819</attributeRef>
<attributeRef>3B25A981-7FF4-D8FF-A5E6-744A785DC6A9</attributeRef>
</usedAttributes>
</identifier>
</identifiers>
</Entity>