<?xml version = '1.0' encoding = 'UTF-8'?>
<Entity class="oracle.dbtools.crest.model.design.logical.Entity" directorySegmentName="seg_0" id="1F082333-D833-4C66-9C28-D9092C8176A4" name="SUBJECTBOOK">
<createdBy>Yiwei</createdBy>
<createdTime>2018-04-19 13:07:13 UTC</createdTime>
<ownerDesignName>MyModel</ownerDesignName>
<engineerTo>
<item key="B81FE7DB-A7E9-C7CA-2C63-7926A48C7CD0" value="true"/>
</engineerTo>
<adequatelyNormalized>NO</adequatelyNormalized>
<expectedVolumes>0</expectedVolumes>
<fwdEngineeringStrategyName>Single Table</fwdEngineeringStrategyName>
<growthPercent>0</growthPercent>
<growthType>Year</growthType>
<maxVolumes>9999999</maxVolumes>
<minVolumes>0</minVolumes>
<normalForm>Third</normalForm>
<attributes itemClass="oracle.dbtools.crest.model.design.logical.Attribute">
<Attribute name="book_callno" id="7542391B-1F46-552F-D6B9-3BA0982BCFD4">
<createdBy>Yiwei</createdBy>
<createdTime>2018-04-19 15:26:01 UTC</createdTime>
<comment>The information held about a title is its Dewey Decimal call no (20 characters) - this call no is used to identify a particular title and for shelving books.</comment>
<commentInRDBMS>The information held about a title is its Dewey Decimal call no (20 characters) - this call no is used to identify a particular title and for shelving books.</commentInRDBMS>
<generatorID>D4A4AE4E-5C7C-A17B-AE52-34FAB39A8293</generatorID>
<ownerDesignName>MyModel</ownerDesignName>
<engineerTo>
<item key="B81FE7DB-A7E9-C7CA-2C63-7926A48C7CD0" value="true"/>
</engineerTo>
<referedAttribute>CD7E9CE0-523A-5F8E-0275-802FD4777D9C</referedAttribute>
<useDomainConstraints>false</useDomainConstraints>
<use>1</use>
<logicalDatatype>LOGDT025</logicalDatatype>
<dataTypeSize>20</dataTypeSize>
<ownDataTypeParameters>20,,</ownDataTypeParameters>
</Attribute>
<Attribute name="sub_name" id="675679B2-CD4D-2503-8365-62E123FE3C56">
<createdBy>Yiwei</createdBy>
<createdTime>2018-04-19 15:28:40 UTC</createdTime>
<comment>The name of a subject</comment>
<commentInRDBMS>The name of a subject</commentInRDBMS>
<generatorID>B61921EE-1DE4-8DB5-32F6-EDDD3FD2F77D</generatorID>
<ownerDesignName>MyModel</ownerDesignName>
<engineerTo>
<item key="B81FE7DB-A7E9-C7CA-2C63-7926A48C7CD0" value="true"/>
</engineerTo>
<referedAttribute>04FEEB9F-BA37-1F81-C052-830A689071BE</referedAttribute>
<useDomainConstraints>false</useDomainConstraints>
<use>1</use>
<logicalDatatype>LOGDT024</logicalDatatype>
<dataTypeSize>20</dataTypeSize>
<ownDataTypeParameters>20,,</ownDataTypeParameters>
</Attribute>
</attributes>
<identifiers itemClass="oracle.dbtools.crest.model.design.logical.CandidateKey">
<identifier id="EE12CC93-1AB8-BAB6-60B3-9515A1B55D2D" name="SUBJECTBOOK PK">
<createdBy>Yiwei</createdBy>
<createdTime>2018-04-19 13:07:44 UTC</createdTime>
<ownerDesignName>MyModel</ownerDesignName>
<shouldEngineer>false</shouldEngineer>
<engineerTo>
<item key="B81FE7DB-A7E9-C7CA-2C63-7926A48C7CD0" value="false"/>
</engineerTo>
<pk>true</pk>
<usedAttributes>
<attributeRef>7542391B-1F46-552F-D6B9-3BA0982BCFD4</attributeRef>
<attributeRef>675679B2-CD4D-2503-8365-62E123FE3C56</attributeRef>
</usedAttributes>
</identifier>
</identifiers>
</Entity>