<?xml version = '1.0' encoding = 'UTF-8'?>
<Entity class="oracle.dbtools.crest.model.design.logical.Entity" directorySegmentName="seg_0" id="35637460-59CA-FC1C-B86B-163773E50A63" name="ISBN">
<createdBy>Yiwei</createdBy>
<createdTime>2018-04-19 13:15:53 UTC</createdTime>
<ownerDesignName>MyModel</ownerDesignName>
<engineerTo>
<item key="B81FE7DB-A7E9-C7CA-2C63-7926A48C7CD0" value="true"/>
</engineerTo>
<adequatelyNormalized>NO</adequatelyNormalized>
<expectedVolumes>0</expectedVolumes>
<fwdEngineeringStrategyName>Single Table</fwdEngineeringStrategyName>
<growthPercent>0</growthPercent>
<growthType>Year</growthType>
<maxVolumes>9999999</maxVolumes>
<minVolumes>0</minVolumes>
<normalForm>Third</normalForm>
<attributes itemClass="oracle.dbtools.crest.model.design.logical.Attribute">
<Attribute name="isbn_no" id="986E2D61-B095-B376-35A6-00B65BBD78AC">
<createdBy>Yiwei</createdBy>
<createdTime>2018-04-19 13:17:34 UTC</createdTime>
<comment>The ISBN number</comment>
<commentInRDBMS>The ISBN number</commentInRDBMS>
<ownerDesignName>MyModel</ownerDesignName>
<engineerTo>
<item key="B81FE7DB-A7E9-C7CA-2C63-7926A48C7CD0" value="true"/>
</engineerTo>
<useDomainConstraints>false</useDomainConstraints>
<use>1</use>
<logicalDatatype>LOGDT024</logicalDatatype>
<dataTypeSize>20</dataTypeSize>
<ownDataTypeParameters>20,,</ownDataTypeParameters>
</Attribute>
<Attribute name="isbn_type" id="2BEF3224-B412-714C-ADC5-B734AD6DBB24">
<createdBy>Yiwei</createdBy>
<createdTime>2018-04-19 13:19:31 UTC</createdTime>
<comment>The book type of an ISBN (eg. hardcover, loose leaf, student edtion)</comment>
<commentInRDBMS>The book type of an ISBN (eg. hardcover, loose leaf, student edtion)</commentInRDBMS>
<ownerDesignName>MyModel</ownerDesignName>
<engineerTo>
<item key="B81FE7DB-A7E9-C7CA-2C63-7926A48C7CD0" value="true"/>
</engineerTo>
<useDomainConstraints>false</useDomainConstraints>
<use>1</use>
<logicalDatatype>LOGDT024</logicalDatatype>
<dataTypeSize>20</dataTypeSize>
<ownDataTypeParameters>20,,</ownDataTypeParameters>
</Attribute>
<Attribute name="isbn_price" id="44AD2C60-EB24-8E89-FC3F-90F57DDC04F8">
<createdBy>Yiwei</createdBy>
<createdTime>2018-04-19 13:21:28 UTC</createdTime>
<comment>The price of the book within one ISBN</comment>
<commentInRDBMS>The price of the book within one ISBN</commentInRDBMS>
<ownerDesignName>MyModel</ownerDesignName>
<engineerTo>
<item key="B81FE7DB-A7E9-C7CA-2C63-7926A48C7CD0" value="true"/>
</engineerTo>
<useDomainConstraints>false</useDomainConstraints>
<use>1</use>
<logicalDatatype>LOGDT019</logicalDatatype>
<dataTypePrecision>7</dataTypePrecision>
<dataTypeScale>2</dataTypeScale>
<ownDataTypeParameters>,7,2</ownDataTypeParameters>
</Attribute>
<Attribute name="isbn_pages" id="B074D4A5-FC9E-EAB8-2FA9-ABD44D8D3E46">
<createdBy>Yiwei</createdBy>
<createdTime>2018-04-21 17:22:20 UTC</createdTime>
<comment>The pages of a book</comment>
<commentInRDBMS>The pages of a book</commentInRDBMS>
<ownerDesignName>MyModel</ownerDesignName>
<engineerTo>
<item key="B81FE7DB-A7E9-C7CA-2C63-7926A48C7CD0" value="true"/>
</engineerTo>
<useDomainConstraints>false</useDomainConstraints>
<use>1</use>
<logicalDatatype>LOGDT019</logicalDatatype>
<dataTypePrecision>4</dataTypePrecision>
<ownDataTypeParameters>,4,</ownDataTypeParameters>
</Attribute>
<Attribute name="book_callno" id="7EDC494C-4A1C-F7A1-4C4B-A5B16139ECCB">
<createdBy>Yiwei</createdBy>
<createdTime>2018-04-19 15:41:16 UTC</createdTime>
<comment>The information held about a title is its Dewey Decimal call no (20 characters) - this call no is used to identify a particular title and for shelving books.</comment>
<commentInRDBMS>The information held about a title is its Dewey Decimal call no (20 characters) - this call no is used to identify a particular title and for shelving books.</commentInRDBMS>
<generatorID>D5E188E6-4CC1-EA50-F899-755F800C3693</generatorID>
<ownerDesignName>MyModel</ownerDesignName>
<engineerTo>
<item key="B81FE7DB-A7E9-C7CA-2C63-7926A48C7CD0" value="true"/>
</engineerTo>
<referedAttribute>CD7E9CE0-523A-5F8E-0275-802FD4777D9C</referedAttribute>
<useDomainConstraints>false</useDomainConstraints>
<use>1</use>
<logicalDatatype>LOGDT025</logicalDatatype>
<dataTypeSize>20</dataTypeSize>
<ownDataTypeParameters>20,,</ownDataTypeParameters>
</Attribute>
</attributes>
<identifiers itemClass="oracle.dbtools.crest.model.design.logical.CandidateKey">
<identifier id="67B2D6B6-DEE7-6FDF-B689-E531759FBDEA" name="ISBN PK">
<createdBy>Yiwei</createdBy>
<createdTime>2018-04-19 13:18:56 UTC</createdTime>
<ownerDesignName>MyModel</ownerDesignName>
<shouldEngineer>false</shouldEngineer>
<engineerTo>
<item key="B81FE7DB-A7E9-C7CA-2C63-7926A48C7CD0" value="false"/>
</engineerTo>
<pk>true</pk>
<usedAttributes>
<attributeRef>986E2D61-B095-B376-35A6-00B65BBD78AC</attributeRef>
</usedAttributes>
</identifier>
</identifiers>
</Entity>