<?xml version = '1.0' encoding = 'UTF-8'?>
<Entity class="oracle.dbtools.crest.model.design.logical.Entity" directorySegmentName="seg_0" id="54BFCD80-FA00-6BA3-E515-914E2EF372F3" name="BORROWER">
<createdBy>Yiwei</createdBy>
<createdTime>2018-04-19 13:38:48 UTC</createdTime>
<ownerDesignName>MyModel</ownerDesignName>
<engineerTo>
<item key="B81FE7DB-A7E9-C7CA-2C63-7926A48C7CD0" value="true"/>
</engineerTo>
<adequatelyNormalized>NO</adequatelyNormalized>
<expectedVolumes>0</expectedVolumes>
<fwdEngineeringStrategyName>Single Table</fwdEngineeringStrategyName>
<growthPercent>0</growthPercent>
<growthType>Year</growthType>
<maxVolumes>9999999</maxVolumes>
<minVolumes>0</minVolumes>
<normalForm>Third</normalForm>
<attributes itemClass="oracle.dbtools.crest.model.design.logical.Attribute">
<Attribute name="bor_no" id="D96C89F4-9CA7-03A2-7686-47417D39E7DD">
<createdBy>Yiwei</createdBy>
<createdTime>2018-04-19 13:40:51 UTC</createdTime>
<comment>Each borrower is identified by a borrower number</comment>
<commentInRDBMS>Each borrower is identified by a borrower number</commentInRDBMS>
<ownerDesignName>MyModel</ownerDesignName>
<engineerTo>
<item key="B81FE7DB-A7E9-C7CA-2C63-7926A48C7CD0" value="true"/>
</engineerTo>
<useDomainConstraints>false</useDomainConstraints>
<use>1</use>
<logicalDatatype>LOGDT019</logicalDatatype>
<dataTypePrecision>8</dataTypePrecision>
<ownDataTypeParameters>,8,</ownDataTypeParameters>
</Attribute>
<Attribute name="bor_name" id="98A85D1C-43AE-25C3-9870-3B28521F10AF">
<createdBy>Yiwei</createdBy>
<createdTime>2018-04-19 13:41:51 UTC</createdTime>
<comment>The name of  a borrower </comment>
<commentInRDBMS>The name of  a borrower </commentInRDBMS>
<ownerDesignName>MyModel</ownerDesignName>
<engineerTo>
<item key="B81FE7DB-A7E9-C7CA-2C63-7926A48C7CD0" value="true"/>
</engineerTo>
<useDomainConstraints>false</useDomainConstraints>
<use>1</use>
<logicalDatatype>LOGDT024</logicalDatatype>
<dataTypeSize>20</dataTypeSize>
<ownDataTypeParameters>20,,</ownDataTypeParameters>
</Attribute>
<Attribute name="bor_addno" id="D78B01EC-498F-6F9C-9589-82C135D5D8FA">
<createdBy>Yiwei</createdBy>
<createdTime>2018-04-19 13:49:23 UTC</createdTime>
<comment>The address number of a borrower</comment>
<commentInRDBMS>The address number of a borrower</commentInRDBMS>
<ownerDesignName>MyModel</ownerDesignName>
<engineerTo>
<item key="B81FE7DB-A7E9-C7CA-2C63-7926A48C7CD0" value="true"/>
</engineerTo>
<useDomainConstraints>false</useDomainConstraints>
<use>1</use>
<logicalDatatype>LOGDT019</logicalDatatype>
<dataTypePrecision>5</dataTypePrecision>
<ownDataTypeParameters>,5,</ownDataTypeParameters>
</Attribute>
<Attribute name="bor_road" id="04902427-8DED-9666-0F56-965E2E5A3ADB">
<createdBy>Yiwei</createdBy>
<createdTime>2018-04-19 13:49:23 UTC</createdTime>
<comment>The road name of the address of a borrower</comment>
<commentInRDBMS>The road name of the address of aborrower</commentInRDBMS>
<ownerDesignName>MyModel</ownerDesignName>
<engineerTo>
<item key="B81FE7DB-A7E9-C7CA-2C63-7926A48C7CD0" value="true"/>
</engineerTo>
<useDomainConstraints>false</useDomainConstraints>
<use>1</use>
<logicalDatatype>LOGDT024</logicalDatatype>
<dataTypeSize>50</dataTypeSize>
<ownDataTypeParameters>50,,</ownDataTypeParameters>
</Attribute>
<Attribute name="bor_city" id="E42A1785-F80B-6960-FF3B-D3C666A1BCFF">
<createdBy>Yiwei</createdBy>
<createdTime>2018-04-19 13:49:23 UTC</createdTime>
<comment>The city name of the address of a borrower</comment>
<commentInRDBMS>The city name of the address of a borrower</commentInRDBMS>
<ownerDesignName>MyModel</ownerDesignName>
<engineerTo>
<item key="B81FE7DB-A7E9-C7CA-2C63-7926A48C7CD0" value="true"/>
</engineerTo>
<useDomainConstraints>false</useDomainConstraints>
<use>1</use>
<logicalDatatype>LOGDT024</logicalDatatype>
<dataTypeSize>50</dataTypeSize>
<ownDataTypeParameters>50,,</ownDataTypeParameters>
</Attribute>
<Attribute name="bor_state" id="5B85DF9A-C05E-BA02-10A1-81A5ABEEF7AA">
<createdBy>Yiwei</createdBy>
<createdTime>2018-04-19 13:49:23 UTC</createdTime>
<comment>The state name of the address of a borrower </comment>
<commentInRDBMS>The state name of the address of a borrower</commentInRDBMS>
<ownerDesignName>MyModel</ownerDesignName>
<engineerTo>
<item key="B81FE7DB-A7E9-C7CA-2C63-7926A48C7CD0" value="true"/>
</engineerTo>
<useDomainConstraints>false</useDomainConstraints>
<use>1</use>
<logicalDatatype>LOGDT024</logicalDatatype>
<dataTypeSize>50</dataTypeSize>
<ownDataTypeParameters>50,,</ownDataTypeParameters>
</Attribute>
<Attribute name="bor_country" id="C91524A6-91F8-42BD-07D3-6135D63D0751">
<createdBy>Yiwei</createdBy>
<createdTime>2018-04-19 13:49:23 UTC</createdTime>
<comment>The country name of the address of a borrower</comment>
<commentInRDBMS>The country name of the address of a borrower</commentInRDBMS>
<ownerDesignName>MyModel</ownerDesignName>
<engineerTo>
<item key="B81FE7DB-A7E9-C7CA-2C63-7926A48C7CD0" value="true"/>
</engineerTo>
<useDomainConstraints>false</useDomainConstraints>
<use>1</use>
<logicalDatatype>LOGDT024</logicalDatatype>
<dataTypeSize>50</dataTypeSize>
<ownDataTypeParameters>50,,</ownDataTypeParameters>
</Attribute>
<Attribute name="bor_homebranch" id="4128F7F8-D79F-71A4-3855-BD34B9D2B7CA">
<createdBy>Yiwei</createdBy>
<createdTime>2018-04-19 13:52:28 UTC</createdTime>
<comment>The home branch number of a borrower </comment>
<commentInRDBMS>The home branch number of a borrower </commentInRDBMS>
<ownerDesignName>MyModel</ownerDesignName>
<engineerTo>
<item key="B81FE7DB-A7E9-C7CA-2C63-7926A48C7CD0" value="true"/>
</engineerTo>
<useDomainConstraints>false</useDomainConstraints>
<use>1</use>
<logicalDatatype>LOGDT019</logicalDatatype>
<dataTypePrecision>5</dataTypePrecision>
<ownDataTypeParameters>,5,</ownDataTypeParameters>
</Attribute>
<Attribute name="bor_status" id="ADD2E403-9CAF-05F1-D0BA-401541A16797">
<createdBy>Yiwei</createdBy>
<createdTime>2018-04-19 13:53:44 UTC</createdTime>
<comment>The status(whether is flagged to prevent further borrowings ) of a borrower</comment>
<commentInRDBMS>The status(whether is flagged to prevent further borrowings ) of a borrower</commentInRDBMS>
<ownerDesignName>MyModel</ownerDesignName>
<engineerTo>
<item key="B81FE7DB-A7E9-C7CA-2C63-7926A48C7CD0" value="true"/>
</engineerTo>
<useDomainConstraints>false</useDomainConstraints>
<use>1</use>
<logicalDatatype>LOGDT024</logicalDatatype>
<dataTypeSize>100</dataTypeSize>
<ownDataTypeParameters>100,,</ownDataTypeParameters>
</Attribute>
<Attribute name="class_name" id="68954EAB-614F-5D43-40DF-67F7439362D7">
<createdBy>Yiwei</createdBy>
<createdTime>2018-04-19 16:13:56 UTC</createdTime>
<comment>The name of borrower classification</comment>
<commentInRDBMS>The name of borrower classification</commentInRDBMS>
<generatorID>BEE939A1-9259-E2F3-D804-218D6334D52A</generatorID>
<ownerDesignName>MyModel</ownerDesignName>
<engineerTo>
<item key="B81FE7DB-A7E9-C7CA-2C63-7926A48C7CD0" value="true"/>
</engineerTo>
<referedAttribute>1E3BB90C-E1FA-73FD-3AC9-E21D51AD7BFA</referedAttribute>
<useDomainConstraints>false</useDomainConstraints>
<use>1</use>
<logicalDatatype>LOGDT024</logicalDatatype>
<dataTypeSize>20</dataTypeSize>
<ownDataTypeParameters>20,,</ownDataTypeParameters>
</Attribute>
<Attribute name="branch_code" id="47F53F81-A617-C52F-0FDF-33F217C191A5">
<createdBy>Yiwei</createdBy>
<createdTime>2018-04-21 17:18:48 UTC</createdTime>
<comment>For each branch Monash Library Services assigns a branch code</comment>
<commentInRDBMS>For each branch Monash Library Services assigns a branch code</commentInRDBMS>
<generatorID>4CF7204D-E88C-5B29-490E-138F3A61056A</generatorID>
<ownerDesignName>MyModel</ownerDesignName>
<engineerTo>
<item key="B81FE7DB-A7E9-C7CA-2C63-7926A48C7CD0" value="true"/>
</engineerTo>
<referedAttribute>7B642930-5683-42BD-FFC6-78EDE8B2FDD3</referedAttribute>
<useDomainConstraints>false</useDomainConstraints>
<use>1</use>
<logicalDatatype>LOGDT019</logicalDatatype>
<dataTypePrecision>5</dataTypePrecision>
<ownDataTypeParameters>,5,</ownDataTypeParameters>
</Attribute>
</attributes>
<identifiers itemClass="oracle.dbtools.crest.model.design.logical.CandidateKey">
<identifier id="632FFFEA-080A-45EB-40BA-5E8E5A9EC9AF" name="BORROWER PK">
<createdBy>Yiwei</createdBy>
<createdTime>2018-04-19 13:41:31 UTC</createdTime>
<ownerDesignName>MyModel</ownerDesignName>
<shouldEngineer>false</shouldEngineer>
<engineerTo>
<item key="B81FE7DB-A7E9-C7CA-2C63-7926A48C7CD0" value="false"/>
</engineerTo>
<pk>true</pk>
<usedAttributes>
<attributeRef>D96C89F4-9CA7-03A2-7686-47417D39E7DD</attributeRef>
</usedAttributes>
</identifier>
</identifiers>
</Entity>