<?xml version = '1.0' encoding = 'UTF-8'?>
<Entity class="oracle.dbtools.crest.model.design.logical.Entity" directorySegmentName="seg_0" id="56678407-3BE9-672D-3413-49DD11CA5FB5" name="MANAGER">
<createdBy>Yiwei</createdBy>
<createdTime>2018-04-19 10:34:27 UTC</createdTime>
<ownerDesignName>MyModel</ownerDesignName>
<engineerTo>
<item key="B81FE7DB-A7E9-C7CA-2C63-7926A48C7CD0" value="true"/>
</engineerTo>
<adequatelyNormalized>NO</adequatelyNormalized>
<expectedVolumes>0</expectedVolumes>
<fwdEngineeringStrategyName>Single Table</fwdEngineeringStrategyName>
<growthPercent>0</growthPercent>
<growthType>Year</growthType>
<maxVolumes>9999999</maxVolumes>
<minVolumes>0</minVolumes>
<normalForm>Third</normalForm>
<attributes itemClass="oracle.dbtools.crest.model.design.logical.Attribute">
<Attribute name="man_id" id="4B1CE8E5-5DFF-4D92-8C7B-9964B1DBD596">
<createdBy>Yiwei</createdBy>
<createdTime>2018-04-19 10:35:42 UTC</createdTime>
<comment>Each manager is assigned a manger id</comment>
<commentInRDBMS>Each manager is assigned a manger id</commentInRDBMS>
<ownerDesignName>MyModel</ownerDesignName>
<engineerTo>
<item key="B81FE7DB-A7E9-C7CA-2C63-7926A48C7CD0" value="true"/>
</engineerTo>
<useDomainConstraints>false</useDomainConstraints>
<use>1</use>
<logicalDatatype>LOGDT019</logicalDatatype>
<dataTypePrecision>7</dataTypePrecision>
<ownDataTypeParameters>,7,</ownDataTypeParameters>
</Attribute>
<Attribute name="man_name" id="CFE0F5DE-07FD-A553-221C-B1E161FFD91F">
<createdBy>Yiwei</createdBy>
<createdTime>2018-04-19 10:38:58 UTC</createdTime>
<comment>The name of a manager</comment>
<commentInRDBMS>The name of a manager</commentInRDBMS>
<ownerDesignName>MyModel</ownerDesignName>
<engineerTo>
<item key="B81FE7DB-A7E9-C7CA-2C63-7926A48C7CD0" value="true"/>
</engineerTo>
<useDomainConstraints>false</useDomainConstraints>
<use>1</use>
<logicalDatatype>LOGDT024</logicalDatatype>
<dataTypeSize>50</dataTypeSize>
<ownDataTypeParameters>50,,</ownDataTypeParameters>
</Attribute>
<Attribute name="man_phone" id="34A15A70-230B-A032-D87F-2F652A88FF3B">
<createdBy>Yiwei</createdBy>
<createdTime>2018-04-19 10:41:07 UTC</createdTime>
<comment>The phone number of a manager</comment>
<commentInRDBMS>The phone number of a manager</commentInRDBMS>
<ownerDesignName>MyModel</ownerDesignName>
<engineerTo>
<item key="B81FE7DB-A7E9-C7CA-2C63-7926A48C7CD0" value="true"/>
</engineerTo>
<useDomainConstraints>false</useDomainConstraints>
<use>1</use>
<logicalDatatype>LOGDT019</logicalDatatype>
<dataTypePrecision>10</dataTypePrecision>
<ownDataTypeParameters>,10,</ownDataTypeParameters>
</Attribute>
<Attribute name="branch_code" id="3E75132C-923A-30EE-B38B-64D2D2785249">
<createdBy>Yiwei</createdBy>
<createdTime>2018-04-19 15:13:23 UTC</createdTime>
<comment>For each branch Monash Library Services assigns a branch code</comment>
<commentInRDBMS>For each branch Monash Library Services assigns a branch code</commentInRDBMS>
<generatorID>9C8DA341-42B1-414C-4CE7-F0C8B6AFED67</generatorID>
<ownerDesignName>MyModel</ownerDesignName>
<engineerTo>
<item key="B81FE7DB-A7E9-C7CA-2C63-7926A48C7CD0" value="true"/>
</engineerTo>
<referedAttribute>7B642930-5683-42BD-FFC6-78EDE8B2FDD3</referedAttribute>
<useDomainConstraints>false</useDomainConstraints>
<use>1</use>
<logicalDatatype>LOGDT019</logicalDatatype>
<dataTypePrecision>5</dataTypePrecision>
<ownDataTypeParameters>,5,</ownDataTypeParameters>
</Attribute>
</attributes>
<identifiers itemClass="oracle.dbtools.crest.model.design.logical.CandidateKey">
<identifier id="A25AE74F-019A-A75B-863A-4D6F36189D83" name="MANAGER PK">
<createdBy>Yiwei</createdBy>
<createdTime>2018-04-19 10:37:30 UTC</createdTime>
<ownerDesignName>MyModel</ownerDesignName>
<shouldEngineer>false</shouldEngineer>
<engineerTo>
<item key="B81FE7DB-A7E9-C7CA-2C63-7926A48C7CD0" value="false"/>
</engineerTo>
<pk>true</pk>
<usedAttributes>
<attributeRef>4B1CE8E5-5DFF-4D92-8C7B-9964B1DBD596</attributeRef>
</usedAttributes>
</identifier>
</identifiers>
</Entity>