<?xml version = '1.0' encoding = 'UTF-8'?>
<Entity class="oracle.dbtools.crest.model.design.logical.Entity" directorySegmentName="seg_0" id="7EB0C755-A8AC-8E1E-6263-7B90B12BF7C6" name="BRANCH">
<createdBy>Yiwei</createdBy>
<createdTime>2018-04-19 10:46:57 UTC</createdTime>
<ownerDesignName>MyModel</ownerDesignName>
<engineerTo>
<item key="B81FE7DB-A7E9-C7CA-2C63-7926A48C7CD0" value="true"/>
</engineerTo>
<adequatelyNormalized>NO</adequatelyNormalized>
<expectedVolumes>0</expectedVolumes>
<fwdEngineeringStrategyName>Single Table</fwdEngineeringStrategyName>
<growthPercent>0</growthPercent>
<growthType>Year</growthType>
<maxVolumes>9999999</maxVolumes>
<minVolumes>0</minVolumes>
<normalForm>Third</normalForm>
<attributes itemClass="oracle.dbtools.crest.model.design.logical.Attribute">
<Attribute name="branch_code" id="7B642930-5683-42BD-FFC6-78EDE8B2FDD3">
<createdBy>Yiwei</createdBy>
<createdTime>2018-04-19 10:47:07 UTC</createdTime>
<comment>For each branch Monash Library Services assigns a branch code</comment>
<commentInRDBMS>For each branch Monash Library Services assigns a branch code</commentInRDBMS>
<ownerDesignName>MyModel</ownerDesignName>
<engineerTo>
<item key="B81FE7DB-A7E9-C7CA-2C63-7926A48C7CD0" value="true"/>
</engineerTo>
<useDomainConstraints>false</useDomainConstraints>
<use>1</use>
<logicalDatatype>LOGDT019</logicalDatatype>
<dataTypePrecision>5</dataTypePrecision>
<ownDataTypeParameters>,5,</ownDataTypeParameters>
</Attribute>
<Attribute name="branch_name" id="9181CECD-E03F-1AA7-3409-45B4AE293C26">
<createdBy>Yiwei</createdBy>
<createdTime>2018-04-19 10:53:59 UTC</createdTime>
<comment>The name of a  library branch</comment>
<commentInRDBMS>The name of a  library branch</commentInRDBMS>
<ownerDesignName>MyModel</ownerDesignName>
<engineerTo>
<item key="B81FE7DB-A7E9-C7CA-2C63-7926A48C7CD0" value="true"/>
</engineerTo>
<useDomainConstraints>false</useDomainConstraints>
<use>1</use>
<logicalDatatype>LOGDT024</logicalDatatype>
<dataTypeSize>50</dataTypeSize>
<ownDataTypeParameters>50,,</ownDataTypeParameters>
</Attribute>
<Attribute name="branch_phone" id="E37A6766-5ED6-34C6-22C3-9966AA45E59C">
<createdBy>Yiwei</createdBy>
<createdTime>2018-04-19 10:56:31 UTC</createdTime>
<comment>The phone number of a libray branch</comment>
<commentInRDBMS>The phone number of a libray branch</commentInRDBMS>
<ownerDesignName>MyModel</ownerDesignName>
<engineerTo>
<item key="B81FE7DB-A7E9-C7CA-2C63-7926A48C7CD0" value="true"/>
</engineerTo>
<useDomainConstraints>false</useDomainConstraints>
<use>1</use>
<logicalDatatype>LOGDT019</logicalDatatype>
<dataTypePrecision>10</dataTypePrecision>
<ownDataTypeParameters>,10,</ownDataTypeParameters>
</Attribute>
<Attribute name="branch_addno" id="C57C2255-2388-F46E-2A48-17B44FB6677E">
<createdBy>Yiwei</createdBy>
<createdTime>2018-04-19 11:02:20 UTC</createdTime>
<comment>The address number of a library branch</comment>
<commentInRDBMS>The address number of a library branch</commentInRDBMS>
<ownerDesignName>MyModel</ownerDesignName>
<engineerTo>
<item key="B81FE7DB-A7E9-C7CA-2C63-7926A48C7CD0" value="true"/>
</engineerTo>
<useDomainConstraints>false</useDomainConstraints>
<use>1</use>
<logicalDatatype>LOGDT019</logicalDatatype>
<dataTypePrecision>5</dataTypePrecision>
<ownDataTypeParameters>,5,</ownDataTypeParameters>
</Attribute>
<Attribute name="branch_road" id="40716D61-DA9D-BF3F-2465-A1F4A717EE04">
<createdBy>Yiwei</createdBy>
<createdTime>2018-04-19 11:09:59 UTC</createdTime>
<comment>The road name of the address of a library branch</comment>
<commentInRDBMS>The road name of the address of a library branch</commentInRDBMS>
<ownerDesignName>MyModel</ownerDesignName>
<engineerTo>
<item key="B81FE7DB-A7E9-C7CA-2C63-7926A48C7CD0" value="true"/>
</engineerTo>
<useDomainConstraints>false</useDomainConstraints>
<use>1</use>
<logicalDatatype>LOGDT024</logicalDatatype>
<dataTypeSize>50</dataTypeSize>
<ownDataTypeParameters>50,,</ownDataTypeParameters>
</Attribute>
<Attribute name="branch_city" id="79BC56AB-3689-4C37-C2E0-A2C9E1DE60BB">
<createdBy>Yiwei</createdBy>
<createdTime>2018-04-19 11:14:10 UTC</createdTime>
<comment>The city name of the address of a library branch</comment>
<commentInRDBMS>The city name of the address of a library branch</commentInRDBMS>
<ownerDesignName>MyModel</ownerDesignName>
<engineerTo>
<item key="B81FE7DB-A7E9-C7CA-2C63-7926A48C7CD0" value="true"/>
</engineerTo>
<useDomainConstraints>false</useDomainConstraints>
<use>1</use>
<logicalDatatype>LOGDT024</logicalDatatype>
<dataTypeSize>50</dataTypeSize>
<ownDataTypeParameters>50,,</ownDataTypeParameters>
</Attribute>
<Attribute name="branch_state" id="DDB7511E-B8D3-8313-D578-9D49D8034B4E">
<createdBy>Yiwei</createdBy>
<createdTime>2018-04-19 11:14:56 UTC</createdTime>
<comment>The state name of the address of a library branch</comment>
<commentInRDBMS>The state name of the address of a library branch</commentInRDBMS>
<ownerDesignName>MyModel</ownerDesignName>
<engineerTo>
<item key="B81FE7DB-A7E9-C7CA-2C63-7926A48C7CD0" value="true"/>
</engineerTo>
<useDomainConstraints>false</useDomainConstraints>
<use>1</use>
<logicalDatatype>LOGDT024</logicalDatatype>
<dataTypeSize>50</dataTypeSize>
<ownDataTypeParameters>50,,</ownDataTypeParameters>
</Attribute>
<Attribute name="branch_country" id="6FBFD772-A101-948C-61D1-17B0E94A6B94">
<createdBy>Yiwei</createdBy>
<createdTime>2018-04-19 11:15:35 UTC</createdTime>
<comment>The country name of the address of a library branch</comment>
<commentInRDBMS>The country name of the address of a library branch</commentInRDBMS>
<ownerDesignName>MyModel</ownerDesignName>
<engineerTo>
<item key="B81FE7DB-A7E9-C7CA-2C63-7926A48C7CD0" value="true"/>
</engineerTo>
<useDomainConstraints>false</useDomainConstraints>
<use>1</use>
<logicalDatatype>LOGDT024</logicalDatatype>
<dataTypeSize>50</dataTypeSize>
<ownDataTypeParameters>50,,</ownDataTypeParameters>
</Attribute>
<Attribute name="man_id" id="479E832D-89A7-161C-9DC3-4D8871026C8C">
<createdBy>Yiwei</createdBy>
<createdTime>2018-04-19 15:10:39 UTC</createdTime>
<comment>Each manager is assigned a manger id</comment>
<commentInRDBMS>Each manager is assigned a manger id</commentInRDBMS>
<generatorID>A009F4EE-EBE6-6282-06A3-4F123E7AEEAA</generatorID>
<ownerDesignName>MyModel</ownerDesignName>
<engineerTo>
<item key="B81FE7DB-A7E9-C7CA-2C63-7926A48C7CD0" value="true"/>
</engineerTo>
<referedAttribute>4B1CE8E5-5DFF-4D92-8C7B-9964B1DBD596</referedAttribute>
<useDomainConstraints>false</useDomainConstraints>
<use>1</use>
<logicalDatatype>LOGDT019</logicalDatatype>
<dataTypePrecision>7</dataTypePrecision>
<ownDataTypeParameters>,7,</ownDataTypeParameters>
</Attribute>
</attributes>
<identifiers itemClass="oracle.dbtools.crest.model.design.logical.CandidateKey">
<identifier id="C5FEEE0A-6437-585F-C614-07D3C17BA257" name="BRANCH PK">
<createdBy>Yiwei</createdBy>
<createdTime>2018-04-19 10:48:32 UTC</createdTime>
<ownerDesignName>MyModel</ownerDesignName>
<shouldEngineer>false</shouldEngineer>
<engineerTo>
<item key="B81FE7DB-A7E9-C7CA-2C63-7926A48C7CD0" value="false"/>
</engineerTo>
<pk>true</pk>
<usedAttributes>
<attributeRef>7B642930-5683-42BD-FFC6-78EDE8B2FDD3</attributeRef>
</usedAttributes>
</identifier>
</identifiers>
</Entity>