<?xml version = '1.0' encoding = 'UTF-8'?>
<Entity class="oracle.dbtools.crest.model.design.logical.Entity" directorySegmentName="seg_0" id="8149BB00-4CFA-ABD2-273D-BF7BC56B1F28" name="BOOK">
<createdBy>Yiwei</createdBy>
<createdTime>2018-04-19 11:24:25 UTC</createdTime>
<ownerDesignName>MyModel</ownerDesignName>
<engineerTo>
<item key="B81FE7DB-A7E9-C7CA-2C63-7926A48C7CD0" value="true"/>
</engineerTo>
<adequatelyNormalized>NO</adequatelyNormalized>
<expectedVolumes>0</expectedVolumes>
<fwdEngineeringStrategyName>Single Table</fwdEngineeringStrategyName>
<growthPercent>0</growthPercent>
<growthType>Year</growthType>
<maxVolumes>9999999</maxVolumes>
<minVolumes>0</minVolumes>
<normalForm>Third</normalForm>
<attributes itemClass="oracle.dbtools.crest.model.design.logical.Attribute">
<Attribute name="book_callno" id="CD7E9CE0-523A-5F8E-0275-802FD4777D9C">
<createdBy>Yiwei</createdBy>
<createdTime>2018-04-19 11:24:34 UTC</createdTime>
<comment>The information held about a title is its Dewey Decimal call no (20 characters) - this call no is used to identify a particular title and for shelving books.</comment>
<commentInRDBMS>The information held about a title is its Dewey Decimal call no (20 characters) - this call no is used to identify a particular title and for shelving books.</commentInRDBMS>
<ownerDesignName>MyModel</ownerDesignName>
<engineerTo>
<item key="B81FE7DB-A7E9-C7CA-2C63-7926A48C7CD0" value="true"/>
</engineerTo>
<useDomainConstraints>false</useDomainConstraints>
<use>1</use>
<logicalDatatype>LOGDT025</logicalDatatype>
<dataTypeSize>20</dataTypeSize>
<ownDataTypeParameters>20,,</ownDataTypeParameters>
</Attribute>
<Attribute name="book_title" id="2C1D0C14-60B7-CFE1-503E-38F066187EA7">
<createdBy>Yiwei</createdBy>
<createdTime>2018-04-19 11:28:39 UTC</createdTime>
<comment>The title of a book</comment>
<commentInRDBMS>The title of a book</commentInRDBMS>
<ownerDesignName>MyModel</ownerDesignName>
<engineerTo>
<item key="B81FE7DB-A7E9-C7CA-2C63-7926A48C7CD0" value="true"/>
</engineerTo>
<useDomainConstraints>false</useDomainConstraints>
<use>1</use>
<logicalDatatype>LOGDT024</logicalDatatype>
<dataTypeSize>100</dataTypeSize>
<ownDataTypeParameters>100,,</ownDataTypeParameters>
</Attribute>
<Attribute name="book_discription" id="978B427E-918C-6384-E32C-C8C6201508CA">
<createdBy>Yiwei</createdBy>
<createdTime>2018-04-19 11:33:03 UTC</createdTime>
<comment>The discription of a book</comment>
<commentInRDBMS>The discription of a book</commentInRDBMS>
<ownerDesignName>MyModel</ownerDesignName>
<engineerTo>
<item key="B81FE7DB-A7E9-C7CA-2C63-7926A48C7CD0" value="true"/>
</engineerTo>
<useDomainConstraints>false</useDomainConstraints>
<use>1</use>
<logicalDatatype>LOGDT024</logicalDatatype>
<dataTypeSize>500</dataTypeSize>
<ownDataTypeParameters>500,,</ownDataTypeParameters>
</Attribute>
<Attribute name="book_pubdate" id="B3049D09-AE4D-4740-70D8-EED70DB00C9E">
<createdBy>Yiwei</createdBy>
<createdTime>2018-04-19 11:34:51 UTC</createdTime>
<comment>The publish date of a book</comment>
<commentInRDBMS>The publish date of a book</commentInRDBMS>
<ownerDesignName>MyModel</ownerDesignName>
<engineerTo>
<item key="B81FE7DB-A7E9-C7CA-2C63-7926A48C7CD0" value="true"/>
</engineerTo>
<useDomainConstraints>false</useDomainConstraints>
<use>1</use>
<logicalDatatype>LOGDT007</logicalDatatype>
<ownDataTypeParameters>,,</ownDataTypeParameters>
</Attribute>
<Attribute name="book_edtion" id="5022F094-E4ED-1F2E-FC82-628A153EA1C2">
<createdBy>Yiwei</createdBy>
<createdTime>2018-04-19 11:36:11 UTC</createdTime>
<comment>The edtion of a book</comment>
<commentInRDBMS>The edtion of a book</commentInRDBMS>
<ownerDesignName>MyModel</ownerDesignName>
<engineerTo>
<item key="B81FE7DB-A7E9-C7CA-2C63-7926A48C7CD0" value="true"/>
</engineerTo>
<useDomainConstraints>false</useDomainConstraints>
<use>1</use>
<logicalDatatype>LOGDT019</logicalDatatype>
<dataTypePrecision>3</dataTypePrecision>
<ownDataTypeParameters>,3,</ownDataTypeParameters>
</Attribute>
<Attribute name="book_language" id="8C9743A3-774B-7B40-074A-BCBE1BC16A8E">
<createdBy>Yiwei</createdBy>
<createdTime>2018-04-19 12:22:38 UTC</createdTime>
<comment>The language of a book</comment>
<commentInRDBMS>The language of a book</commentInRDBMS>
<ownerDesignName>MyModel</ownerDesignName>
<engineerTo>
<item key="B81FE7DB-A7E9-C7CA-2C63-7926A48C7CD0" value="true"/>
</engineerTo>
<useDomainConstraints>false</useDomainConstraints>
<use>1</use>
<logicalDatatype>LOGDT025</logicalDatatype>
<dataTypeSize>20</dataTypeSize>
<ownDataTypeParameters>20,,</ownDataTypeParameters>
</Attribute>
<Attribute name="book_isfiction" id="CFBE1633-D386-017B-621C-121A74FAF55E">
<createdBy>Yiwei</createdBy>
<createdTime>2018-04-19 12:23:13 UTC</createdTime>
<comment>A flag to distinguish fiction from non-fiction</comment>
<commentInRDBMS>A flag to distinguish fiction from reference</commentInRDBMS>
<ownerDesignName>MyModel</ownerDesignName>
<engineerTo>
<item key="B81FE7DB-A7E9-C7CA-2C63-7926A48C7CD0" value="true"/>
</engineerTo>
<useDomainConstraints>false</useDomainConstraints>
<use>1</use>
<logicalDatatype>LOGDT019</logicalDatatype>
<dataTypePrecision>1</dataTypePrecision>
<listOfValues>
<valueDef value="0" description="isFiction"/>
<valueDef value="1" description="isReference"/>
</listOfValues>
<ownDataTypeParameters>,1,</ownDataTypeParameters>
</Attribute>
<Attribute name="book_difficult" id="CA91212A-2910-F3C0-BEF1-85663862BBF0">
<createdBy>Yiwei</createdBy>
<createdTime>2018-04-19 15:38:31 UTC</createdTime>
<comment>reading difficultiy of a fiction</comment>
<commentInRDBMS>reading difficultiy of a fiction</commentInRDBMS>
<ownerDesignName>MyModel</ownerDesignName>
<engineerTo>
<item key="B81FE7DB-A7E9-C7CA-2C63-7926A48C7CD0" value="true"/>
</engineerTo>
<constraintName>Difficultiy levels</constraintName>
<nullsAllowed>true</nullsAllowed>
<useDomainConstraints>false</useDomainConstraints>
<use>1</use>
<logicalDatatype>LOGDT019</logicalDatatype>
<dataTypePrecision>2</dataTypePrecision>
<listOfValues>
<valueDef value="1" description=""/>
<valueDef value="10" description=""/>
<valueDef value="11" description=""/>
<valueDef value="12" description=""/>
<valueDef value="13" description=""/>
<valueDef value="14" description=""/>
<valueDef value="15" description=""/>
<valueDef value="16" description=""/>
<valueDef value="17" description=""/>
<valueDef value="18" description=""/>
<valueDef value="19" description=""/>
<valueDef value="2" description=""/>
<valueDef value="20" description=""/>
<valueDef value="21" description=""/>
<valueDef value="22" description=""/>
<valueDef value="23" description=""/>
<valueDef value="24" description=""/>
<valueDef value="25" description=""/>
<valueDef value="26" description=""/>
<valueDef value="27" description=""/>
<valueDef value="28" description=""/>
<valueDef value="29" description=""/>
<valueDef value="3" description=""/>
<valueDef value="30" description=""/>
<valueDef value="4" description=""/>
<valueDef value="5" description=""/>
<valueDef value="6" description=""/>
<valueDef value="7" description=""/>
<valueDef value="8" description=""/>
<valueDef value="9" description=""/>
</listOfValues>
<ownDataTypeParameters>,2,</ownDataTypeParameters>
</Attribute>
<Attribute name="book_notes" id="47E8A0CD-1771-6710-1DE0-3EA73CD9CC33">
<createdBy>Yiwei</createdBy>
<createdTime>2018-04-21 16:14:24 UTC</createdTime>
<comment>The notes of a book</comment>
<commentInRDBMS>The notes of a book</commentInRDBMS>
<ownerDesignName>MyModel</ownerDesignName>
<engineerTo>
<item key="B81FE7DB-A7E9-C7CA-2C63-7926A48C7CD0" value="true"/>
</engineerTo>
<nullsAllowed>true</nullsAllowed>
<useDomainConstraints>false</useDomainConstraints>
<use>1</use>
<logicalDatatype>LOGDT024</logicalDatatype>
<dataTypeSize>500</dataTypeSize>
<ownDataTypeParameters>500,,</ownDataTypeParameters>
</Attribute>
<Attribute name="pub_id" id="C0C5DA52-B59B-B5EE-74C0-C274C21F3C3B">
<createdBy>Yiwei</createdBy>
<createdTime>2018-04-21 16:16:17 UTC</createdTime>
<comment>The ID number of a publiser</comment>
<commentInRDBMS>The ID number of a publiser</commentInRDBMS>
<generatorID>C0C89402-FDE3-A39F-23F0-172C35B6233A</generatorID>
<ownerDesignName>MyModel</ownerDesignName>
<engineerTo>
<item key="B81FE7DB-A7E9-C7CA-2C63-7926A48C7CD0" value="true"/>
</engineerTo>
<referedAttribute>DEA117CF-4595-E638-A04A-224F55B9B5C3</referedAttribute>
<useDomainConstraints>false</useDomainConstraints>
<use>1</use>
<logicalDatatype>LOGDT019</logicalDatatype>
<dataTypePrecision>7</dataTypePrecision>
<ownDataTypeParameters>,7,</ownDataTypeParameters>
</Attribute>
</attributes>
<identifiers itemClass="oracle.dbtools.crest.model.design.logical.CandidateKey">
<identifier id="EE108E8B-4116-7363-9957-0D81519F2D67" name="BOOK PK">
<createdBy>Yiwei</createdBy>
<createdTime>2018-04-19 11:26:54 UTC</createdTime>
<ownerDesignName>MyModel</ownerDesignName>
<shouldEngineer>false</shouldEngineer>
<engineerTo>
<item key="B81FE7DB-A7E9-C7CA-2C63-7926A48C7CD0" value="false"/>
</engineerTo>
<pk>true</pk>
<usedAttributes>
<attributeRef>CD7E9CE0-523A-5F8E-0275-802FD4777D9C</attributeRef>
</usedAttributes>
</identifier>
</identifiers>
</Entity>