<?xml version = '1.0' encoding = 'UTF-8'?>
<Entity class="oracle.dbtools.crest.model.design.logical.Entity" directorySegmentName="seg_0" id="A912E2D3-517E-1812-C82E-08A99118C206" name="CLASS">
<createdBy>Yiwei</createdBy>
<createdTime>2018-04-19 16:06:34 UTC</createdTime>
<ownerDesignName>MyModel</ownerDesignName>
<engineerTo>
<item key="B81FE7DB-A7E9-C7CA-2C63-7926A48C7CD0" value="true"/>
</engineerTo>
<adequatelyNormalized>NO</adequatelyNormalized>
<expectedVolumes>0</expectedVolumes>
<fwdEngineeringStrategyName>Single Table</fwdEngineeringStrategyName>
<growthPercent>0</growthPercent>
<growthType>Year</growthType>
<maxVolumes>9999999</maxVolumes>
<minVolumes>0</minVolumes>
<normalForm>Third</normalForm>
<attributes itemClass="oracle.dbtools.crest.model.design.logical.Attribute">
<Attribute name="class_name" id="1E3BB90C-E1FA-73FD-3AC9-E21D51AD7BFA">
<createdBy>Yiwei</createdBy>
<createdTime>2018-04-19 16:10:09 UTC</createdTime>
<comment>The name of borrower classification</comment>
<commentInRDBMS>The name of borrower classification</commentInRDBMS>
<ownerDesignName>MyModel</ownerDesignName>
<engineerTo>
<item key="B81FE7DB-A7E9-C7CA-2C63-7926A48C7CD0" value="true"/>
</engineerTo>
<useDomainConstraints>false</useDomainConstraints>
<use>1</use>
<logicalDatatype>LOGDT024</logicalDatatype>
<dataTypeSize>20</dataTypeSize>
<ownDataTypeParameters>20,,</ownDataTypeParameters>
</Attribute>
<Attribute name="class_numlimit" id="6FF44F6D-1919-0EA2-EDA4-CE59C3C3A64C">
<createdBy>Yiwei</createdBy>
<createdTime>2018-04-19 16:11:35 UTC</createdTime>
<comment>The limit of books can borrowe</comment>
<commentInRDBMS>The limit of books can borrowe</commentInRDBMS>
<ownerDesignName>MyModel</ownerDesignName>
<engineerTo>
<item key="B81FE7DB-A7E9-C7CA-2C63-7926A48C7CD0" value="true"/>
</engineerTo>
<useDomainConstraints>false</useDomainConstraints>
<use>1</use>
<logicalDatatype>LOGDT019</logicalDatatype>
<dataTypePrecision>2</dataTypePrecision>
<ownDataTypeParameters>,2,</ownDataTypeParameters>
</Attribute>
<Attribute name="class_timelimit" id="39CCE8F5-6ADA-164F-7FCD-3DB9D2A9F609">
<createdBy>Yiwei</createdBy>
<createdTime>2018-04-19 16:12:24 UTC</createdTime>
<comment>how long can borrower borrowe a book</comment>
<commentInRDBMS>how long can borrower borrowe a book</commentInRDBMS>
<ownerDesignName>MyModel</ownerDesignName>
<engineerTo>
<item key="B81FE7DB-A7E9-C7CA-2C63-7926A48C7CD0" value="true"/>
</engineerTo>
<useDomainConstraints>false</useDomainConstraints>
<use>1</use>
<logicalDatatype>LOGDT019</logicalDatatype>
<dataTypePrecision>4</dataTypePrecision>
<ownDataTypeParameters>,4,</ownDataTypeParameters>
</Attribute>
</attributes>
<identifiers itemClass="oracle.dbtools.crest.model.design.logical.CandidateKey">
<identifier id="55BCF620-0CD0-9B2C-6945-26E3D77AB71A" name="CLASS PK">
<createdBy>Yiwei</createdBy>
<createdTime>2018-04-19 16:10:24 UTC</createdTime>
<ownerDesignName>MyModel</ownerDesignName>
<shouldEngineer>false</shouldEngineer>
<engineerTo>
<item key="B81FE7DB-A7E9-C7CA-2C63-7926A48C7CD0" value="false"/>
</engineerTo>
<pk>true</pk>
<usedAttributes>
<attributeRef>1E3BB90C-E1FA-73FD-3AC9-E21D51AD7BFA</attributeRef>
</usedAttributes>
</identifier>
</identifiers>
</Entity>