<?xml version = '1.0' encoding = 'UTF-8'?>
<Entity class="oracle.dbtools.crest.model.design.logical.Entity" directorySegmentName="seg_0" id="CA6B8E05-25BB-F766-4F57-3FAD4F14176B" name="RESERVE">
<createdBy>Yiwei</createdBy>
<createdTime>2018-04-19 15:43:49 UTC</createdTime>
<ownerDesignName>MyModel</ownerDesignName>
<engineerTo>
<item key="B81FE7DB-A7E9-C7CA-2C63-7926A48C7CD0" value="true"/>
</engineerTo>
<adequatelyNormalized>NO</adequatelyNormalized>
<expectedVolumes>0</expectedVolumes>
<fwdEngineeringStrategyName>Single Table</fwdEngineeringStrategyName>
<growthPercent>0</growthPercent>
<growthType>Year</growthType>
<maxVolumes>9999999</maxVolumes>
<minVolumes>0</minVolumes>
<normalForm>Third</normalForm>
<attributes itemClass="oracle.dbtools.crest.model.design.logical.Attribute">
<Attribute name="bor_no" id="459AA369-BFCC-AEF9-8338-0863EB2DACC2">
<createdBy>Yiwei</createdBy>
<createdTime>2018-04-19 16:22:29 UTC</createdTime>
<comment>Each borrower is identified by a borrower number</comment>
<commentInRDBMS>Each borrower is identified by a borrower number</commentInRDBMS>
<generatorID>9A3BD83A-1943-C104-15A9-38A50DD3BEC6</generatorID>
<ownerDesignName>MyModel</ownerDesignName>
<engineerTo>
<item key="B81FE7DB-A7E9-C7CA-2C63-7926A48C7CD0" value="true"/>
</engineerTo>
<referedAttribute>D96C89F4-9CA7-03A2-7686-47417D39E7DD</referedAttribute>
<useDomainConstraints>false</useDomainConstraints>
<use>1</use>
<logicalDatatype>LOGDT019</logicalDatatype>
<dataTypePrecision>8</dataTypePrecision>
<ownDataTypeParameters>,8,</ownDataTypeParameters>
</Attribute>
<Attribute name="copy_barcode" id="386A8827-74DB-9015-8269-F4023204D801">
<createdBy>Yiwei</createdBy>
<createdTime>2018-04-19 16:28:39 UTC</createdTime>
<comment>each copy of a title is identified by a barcode</comment>
<commentInRDBMS>each copy of a title is identified by a barcode</commentInRDBMS>
<generatorID>CBC414DA-5DD9-F0DA-8826-58529D47D12D</generatorID>
<ownerDesignName>MyModel</ownerDesignName>
<engineerTo>
<item key="B81FE7DB-A7E9-C7CA-2C63-7926A48C7CD0" value="true"/>
</engineerTo>
<referedAttribute>D809986E-223A-936B-81B9-6E8D6C1DC44C</referedAttribute>
<useDomainConstraints>false</useDomainConstraints>
<use>1</use>
<logicalDatatype>LOGDT024</logicalDatatype>
<dataTypePrecision>20</dataTypePrecision>
<ownDataTypeParameters>,20,</ownDataTypeParameters>
</Attribute>
<Attribute name="res_date" id="938668E0-1141-78A6-A2BA-D9BF2C4879B1">
<createdBy>Yiwei</createdBy>
<createdTime>2018-04-19 16:24:14 UTC</createdTime>
<comment>date of the reservation is made</comment>
<commentInRDBMS>date of the reservation is made</commentInRDBMS>
<ownerDesignName>MyModel</ownerDesignName>
<engineerTo>
<item key="B81FE7DB-A7E9-C7CA-2C63-7926A48C7CD0" value="true"/>
</engineerTo>
<useDomainConstraints>false</useDomainConstraints>
<use>1</use>
<logicalDatatype>LOGDT007</logicalDatatype>
<ownDataTypeParameters>,,</ownDataTypeParameters>
</Attribute>
</attributes>
<identifiers itemClass="oracle.dbtools.crest.model.design.logical.CandidateKey">
<identifier id="B29D8A27-649E-3A24-3165-7873F7C8A005" name="RESERVE PK">
<createdBy>Yiwei</createdBy>
<createdTime>2018-04-19 16:22:29 UTC</createdTime>
<ownerDesignName>MyModel</ownerDesignName>
<shouldEngineer>false</shouldEngineer>
<engineerTo>
<item key="B81FE7DB-A7E9-C7CA-2C63-7926A48C7CD0" value="false"/>
</engineerTo>
<pk>true</pk>
<usedAttributes>
<attributeRef>459AA369-BFCC-AEF9-8338-0863EB2DACC2</attributeRef>
<attributeRef>386A8827-74DB-9015-8269-F4023204D801</attributeRef>
<attributeRef>938668E0-1141-78A6-A2BA-D9BF2C4879B1</attributeRef>
</usedAttributes>
</identifier>
</identifiers>
</Entity>