<?xml version = '1.0' encoding = 'UTF-8'?>
<Entity class="oracle.dbtools.crest.model.design.logical.Entity" directorySegmentName="seg_0" id="E144AE6E-A0E3-7F06-3AB0-60C19B471E18" name="PUBLISHER">
<createdBy>Yiwei</createdBy>
<createdTime>2018-04-21 16:09:39 UTC</createdTime>
<ownerDesignName>MyModel</ownerDesignName>
<engineerTo>
<item key="B81FE7DB-A7E9-C7CA-2C63-7926A48C7CD0" value="true"/>
</engineerTo>
<adequatelyNormalized>NO</adequatelyNormalized>
<expectedVolumes>0</expectedVolumes>
<fwdEngineeringStrategyName>Single Table</fwdEngineeringStrategyName>
<growthPercent>0</growthPercent>
<growthType>Year</growthType>
<maxVolumes>9999999</maxVolumes>
<minVolumes>0</minVolumes>
<normalForm>Third</normalForm>
<attributes itemClass="oracle.dbtools.crest.model.design.logical.Attribute">
<Attribute name="pub_id" id="DEA117CF-4595-E638-A04A-224F55B9B5C3">
<createdBy>Yiwei</createdBy>
<createdTime>2018-04-21 16:09:58 UTC</createdTime>
<comment>The ID number of a publiser</comment>
<commentInRDBMS>The ID number of a publiser</commentInRDBMS>
<ownerDesignName>MyModel</ownerDesignName>
<engineerTo>
<item key="B81FE7DB-A7E9-C7CA-2C63-7926A48C7CD0" value="true"/>
</engineerTo>
<useDomainConstraints>false</useDomainConstraints>
<use>1</use>
<logicalDatatype>LOGDT019</logicalDatatype>
<dataTypePrecision>7</dataTypePrecision>
<ownDataTypeParameters>,7,</ownDataTypeParameters>
</Attribute>
<Attribute name="pub_name" id="5BCCFC04-E9AA-7EB2-1120-05AFABD0B306">
<createdBy>Yiwei</createdBy>
<createdTime>2018-04-21 16:11:56 UTC</createdTime>
<comment>The name of  a publisher</comment>
<commentInRDBMS>The name of  a publisher</commentInRDBMS>
<ownerDesignName>MyModel</ownerDesignName>
<engineerTo>
<item key="B81FE7DB-A7E9-C7CA-2C63-7926A48C7CD0" value="true"/>
</engineerTo>
<useDomainConstraints>false</useDomainConstraints>
<use>1</use>
<logicalDatatype>LOGDT024</logicalDatatype>
<dataTypeSize>20</dataTypeSize>
<ownDataTypeParameters>20,,</ownDataTypeParameters>
</Attribute>
<Attribute name="pub_city" id="F84B1DEC-A9D5-144B-9D43-1BA86B28A04C">
<createdBy>Yiwei</createdBy>
<createdTime>2018-04-21 16:11:56 UTC</createdTime>
<comment>The city name of the address of a publisher</comment>
<commentInRDBMS>The city name of the address of a publisher</commentInRDBMS>
<ownerDesignName>MyModel</ownerDesignName>
<engineerTo>
<item key="B81FE7DB-A7E9-C7CA-2C63-7926A48C7CD0" value="true"/>
</engineerTo>
<useDomainConstraints>false</useDomainConstraints>
<use>1</use>
<logicalDatatype>LOGDT024</logicalDatatype>
<dataTypeSize>50</dataTypeSize>
<ownDataTypeParameters>50,,</ownDataTypeParameters>
</Attribute>
<Attribute name="pub_state" id="D7780314-5379-3666-9BAA-B4D224D05189">
<createdBy>Yiwei</createdBy>
<createdTime>2018-04-21 16:11:56 UTC</createdTime>
<comment>The state name of the address of a publisher</comment>
<commentInRDBMS>The state name of the address of a publisher</commentInRDBMS>
<ownerDesignName>MyModel</ownerDesignName>
<engineerTo>
<item key="B81FE7DB-A7E9-C7CA-2C63-7926A48C7CD0" value="true"/>
</engineerTo>
<useDomainConstraints>false</useDomainConstraints>
<use>1</use>
<logicalDatatype>LOGDT024</logicalDatatype>
<dataTypeSize>50</dataTypeSize>
<ownDataTypeParameters>50,,</ownDataTypeParameters>
</Attribute>
<Attribute name="pub_country" id="1E25E913-7869-689C-C95A-D7CC78D0C355">
<createdBy>Yiwei</createdBy>
<createdTime>2018-04-21 16:11:56 UTC</createdTime>
<comment>The country name of the address of a publisher</comment>
<commentInRDBMS>The country name of the address of a publisher</commentInRDBMS>
<ownerDesignName>MyModel</ownerDesignName>
<engineerTo>
<item key="B81FE7DB-A7E9-C7CA-2C63-7926A48C7CD0" value="true"/>
</engineerTo>
<useDomainConstraints>false</useDomainConstraints>
<use>1</use>
<logicalDatatype>LOGDT024</logicalDatatype>
<dataTypeSize>50</dataTypeSize>
<ownDataTypeParameters>50,,</ownDataTypeParameters>
</Attribute>
</attributes>
<identifiers itemClass="oracle.dbtools.crest.model.design.logical.CandidateKey">
<identifier id="80CFA986-4997-2CEA-DAC8-2A98312CDD9B" name="PUBLISHER PK">
<createdBy>Yiwei</createdBy>
<createdTime>2018-04-21 16:10:18 UTC</createdTime>
<ownerDesignName>MyModel</ownerDesignName>
<shouldEngineer>false</shouldEngineer>
<engineerTo>
<item key="B81FE7DB-A7E9-C7CA-2C63-7926A48C7CD0" value="false"/>
</engineerTo>
<pk>true</pk>
<usedAttributes>
<attributeRef>DEA117CF-4595-E638-A04A-224F55B9B5C3</attributeRef>
</usedAttributes>
</identifier>
</identifiers>
</Entity>