<?xml version = '1.0' encoding = 'UTF-8'?>
<Entity class="oracle.dbtools.crest.model.design.logical.Entity" directorySegmentName="seg_0" id="E4AEF2EC-753D-49A2-6E19-19A2B306815B" name="AUTHOR">
<createdBy>Yiwei</createdBy>
<createdTime>2018-04-19 12:35:14 UTC</createdTime>
<ownerDesignName>MyModel</ownerDesignName>
<engineerTo>
<item key="B81FE7DB-A7E9-C7CA-2C63-7926A48C7CD0" value="true"/>
</engineerTo>
<adequatelyNormalized>NO</adequatelyNormalized>
<expectedVolumes>0</expectedVolumes>
<fwdEngineeringStrategyName>Single Table</fwdEngineeringStrategyName>
<growthPercent>0</growthPercent>
<growthType>Year</growthType>
<maxVolumes>9999999</maxVolumes>
<minVolumes>0</minVolumes>
<normalForm>Third</normalForm>
<attributes itemClass="oracle.dbtools.crest.model.design.logical.Attribute">
<Attribute name="aut_id" id="0000312C-8C7A-138B-E39D-4212712DA27A">
<createdBy>Yiwei</createdBy>
<createdTime>2018-04-19 12:35:21 UTC</createdTime>
<comment>The id number of an author</comment>
<commentInRDBMS>The id number of an author</commentInRDBMS>
<ownerDesignName>MyModel</ownerDesignName>
<engineerTo>
<item key="B81FE7DB-A7E9-C7CA-2C63-7926A48C7CD0" value="true"/>
</engineerTo>
<useDomainConstraints>false</useDomainConstraints>
<use>1</use>
<logicalDatatype>LOGDT019</logicalDatatype>
<dataTypePrecision>10</dataTypePrecision>
<ownDataTypeParameters>,10,</ownDataTypeParameters>
</Attribute>
<Attribute name="aut_name" id="ED96590F-C96D-68F2-4584-F0803306949A">
<createdBy>Yiwei</createdBy>
<createdTime>2018-04-19 12:36:33 UTC</createdTime>
<comment>The name of an author</comment>
<commentInRDBMS>The name of an author</commentInRDBMS>
<ownerDesignName>MyModel</ownerDesignName>
<engineerTo>
<item key="B81FE7DB-A7E9-C7CA-2C63-7926A48C7CD0" value="true"/>
</engineerTo>
<useDomainConstraints>false</useDomainConstraints>
<use>1</use>
<logicalDatatype>LOGDT024</logicalDatatype>
<dataTypeSize>50</dataTypeSize>
<ownDataTypeParameters>50,,</ownDataTypeParameters>
</Attribute>
</attributes>
<identifiers itemClass="oracle.dbtools.crest.model.design.logical.CandidateKey">
<identifier id="9CB5680C-4573-A5EB-A1A7-6A73AD401DB1" name="AUTHOR PK">
<createdBy>Yiwei</createdBy>
<createdTime>2018-04-19 12:36:14 UTC</createdTime>
<ownerDesignName>MyModel</ownerDesignName>
<shouldEngineer>false</shouldEngineer>
<engineerTo>
<item key="B81FE7DB-A7E9-C7CA-2C63-7926A48C7CD0" value="false"/>
</engineerTo>
<pk>true</pk>
<usedAttributes>
<attributeRef>0000312C-8C7A-138B-E39D-4212712DA27A</attributeRef>
</usedAttributes>
</identifier>
</identifiers>
</Entity>