<?xml version = '1.0' encoding = 'UTF-8'?>
<Entity class="oracle.dbtools.crest.model.design.logical.Entity" directorySegmentName="seg_0" id="EA3DCC71-E48F-7592-C8C3-3B4E8EAD5C9E" name="COPY">
<createdBy>Yiwei</createdBy>
<createdTime>2018-04-19 13:29:17 UTC</createdTime>
<ownerDesignName>MyModel</ownerDesignName>
<engineerTo>
<item key="B81FE7DB-A7E9-C7CA-2C63-7926A48C7CD0" value="true"/>
</engineerTo>
<adequatelyNormalized>NO</adequatelyNormalized>
<expectedVolumes>0</expectedVolumes>
<fwdEngineeringStrategyName>Single Table</fwdEngineeringStrategyName>
<growthPercent>0</growthPercent>
<growthType>Year</growthType>
<maxVolumes>9999999</maxVolumes>
<minVolumes>0</minVolumes>
<normalForm>Third</normalForm>
<attributes itemClass="oracle.dbtools.crest.model.design.logical.Attribute">
<Attribute name="copy_barcode" id="D809986E-223A-936B-81B9-6E8D6C1DC44C">
<createdBy>Yiwei</createdBy>
<createdTime>2018-04-19 13:29:30 UTC</createdTime>
<comment>each copy of a title is identified by a barcode</comment>
<commentInRDBMS>each copy of a title is identified by a barcode</commentInRDBMS>
<ownerDesignName>MyModel</ownerDesignName>
<engineerTo>
<item key="B81FE7DB-A7E9-C7CA-2C63-7926A48C7CD0" value="true"/>
</engineerTo>
<useDomainConstraints>false</useDomainConstraints>
<use>1</use>
<logicalDatatype>LOGDT024</logicalDatatype>
<dataTypeSize>25</dataTypeSize>
<ownDataTypeParameters>25,,</ownDataTypeParameters>
</Attribute>
<Attribute name="copy_status" id="42BEF5E1-784D-1EC8-857A-F7C3A81BE4DF">
<createdBy>Yiwei</createdBy>
<createdTime>2018-04-19 13:34:53 UTC</createdTime>
<comment>availability (status) of a copy</comment>
<commentInRDBMS>availability (status)  of a copy</commentInRDBMS>
<ownerDesignName>MyModel</ownerDesignName>
<engineerTo>
<item key="B81FE7DB-A7E9-C7CA-2C63-7926A48C7CD0" value="true"/>
</engineerTo>
<useDomainConstraints>false</useDomainConstraints>
<use>1</use>
<logicalDatatype>LOGDT024</logicalDatatype>
<dataTypeSize>100</dataTypeSize>
<ownDataTypeParameters>100,,</ownDataTypeParameters>
</Attribute>
<Attribute name="isbn_no" id="FCE936A2-9100-974B-F271-DB70C9AB335B">
<createdBy>Yiwei</createdBy>
<createdTime>2018-04-19 15:42:54 UTC</createdTime>
<comment>The ISBN number</comment>
<commentInRDBMS>The ISBN number</commentInRDBMS>
<generatorID>EC7F8A61-B429-ED1C-67DC-AF342F2B41BC</generatorID>
<ownerDesignName>MyModel</ownerDesignName>
<engineerTo>
<item key="B81FE7DB-A7E9-C7CA-2C63-7926A48C7CD0" value="true"/>
</engineerTo>
<referedAttribute>986E2D61-B095-B376-35A6-00B65BBD78AC</referedAttribute>
<useDomainConstraints>false</useDomainConstraints>
<use>1</use>
<logicalDatatype>LOGDT024</logicalDatatype>
<dataTypeSize>20</dataTypeSize>
<ownDataTypeParameters>20,,</ownDataTypeParameters>
</Attribute>
<Attribute name="branch_code" id="7E5FEF5E-7D50-32C3-09A6-31E1C5EC0ED0">
<createdBy>Yiwei</createdBy>
<createdTime>2018-04-21 16:17:42 UTC</createdTime>
<comment>For each branch Monash Library Services assigns a branch code</comment>
<commentInRDBMS>For each branch Monash Library Services assigns a branch code</commentInRDBMS>
<generatorID>9902123A-EE87-1800-6284-01D5C7AE8C89</generatorID>
<ownerDesignName>MyModel</ownerDesignName>
<engineerTo>
<item key="B81FE7DB-A7E9-C7CA-2C63-7926A48C7CD0" value="true"/>
</engineerTo>
<referedAttribute>7B642930-5683-42BD-FFC6-78EDE8B2FDD3</referedAttribute>
<useDomainConstraints>false</useDomainConstraints>
<use>1</use>
<logicalDatatype>LOGDT019</logicalDatatype>
<dataTypePrecision>5</dataTypePrecision>
<ownDataTypeParameters>,5,</ownDataTypeParameters>
</Attribute>
</attributes>
<identifiers itemClass="oracle.dbtools.crest.model.design.logical.CandidateKey">
<identifier id="7558C31D-65C2-F495-5F25-2FE33DCD7FDD" name="COPY PK">
<createdBy>Yiwei</createdBy>
<createdTime>2018-04-19 13:33:52 UTC</createdTime>
<ownerDesignName>MyModel</ownerDesignName>
<shouldEngineer>false</shouldEngineer>
<engineerTo>
<item key="B81FE7DB-A7E9-C7CA-2C63-7926A48C7CD0" value="false"/>
</engineerTo>
<pk>true</pk>
<usedAttributes>
<attributeRef>D809986E-223A-936B-81B9-6E8D6C1DC44C</attributeRef>
</usedAttributes>
</identifier>
</identifiers>
</Entity>