<?xml version = '1.0' encoding = 'UTF-8'?>
<Entity class="oracle.dbtools.crest.model.design.logical.Entity" directorySegmentName="seg_0" id="EDDDD24F-3A5E-309A-2A03-746F1B277C17" name="FINE">
<createdBy>Yiwei</createdBy>
<createdTime>2018-04-19 16:06:26 UTC</createdTime>
<ownerDesignName>MyModel</ownerDesignName>
<engineerTo>
<item key="B81FE7DB-A7E9-C7CA-2C63-7926A48C7CD0" value="true"/>
</engineerTo>
<adequatelyNormalized>NO</adequatelyNormalized>
<expectedVolumes>0</expectedVolumes>
<fwdEngineeringStrategyName>Single Table</fwdEngineeringStrategyName>
<growthPercent>0</growthPercent>
<growthType>Year</growthType>
<maxVolumes>9999999</maxVolumes>
<minVolumes>0</minVolumes>
<normalForm>Third</normalForm>
<attributes itemClass="oracle.dbtools.crest.model.design.logical.Attribute">
<Attribute name="loan_no" id="A3586493-05B3-F3A1-1F77-3BBB44585D7E">
<createdBy>Yiwei</createdBy>
<createdTime>2018-04-19 16:15:26 UTC</createdTime>
<comment>the unique number for each loan</comment>
<commentInRDBMS>the unique number for each loan</commentInRDBMS>
<generatorID>51A0116B-56A8-07C3-806D-178FA7E4C742</generatorID>
<ownerDesignName>MyModel</ownerDesignName>
<engineerTo>
<item key="B81FE7DB-A7E9-C7CA-2C63-7926A48C7CD0" value="true"/>
</engineerTo>
<referedAttribute>D1ABD4F8-035A-4222-153D-6E6A7060C782</referedAttribute>
<useDomainConstraints>false</useDomainConstraints>
<use>1</use>
<logicalDatatype>LOGDT019</logicalDatatype>
<dataTypePrecision>10</dataTypePrecision>
<ownDataTypeParameters>,10,</ownDataTypeParameters>
</Attribute>
<Attribute name="fine_amout" id="5B18AAF4-2C28-9F91-4395-EA71692213C6">
<createdBy>Yiwei</createdBy>
<createdTime>2018-04-19 16:21:18 UTC</createdTime>
<comment>the amount of the fine</comment>
<commentInRDBMS>the amount of the fine</commentInRDBMS>
<ownerDesignName>MyModel</ownerDesignName>
<engineerTo>
<item key="B81FE7DB-A7E9-C7CA-2C63-7926A48C7CD0" value="true"/>
</engineerTo>
<useDomainConstraints>false</useDomainConstraints>
<use>1</use>
<logicalDatatype>LOGDT019</logicalDatatype>
<dataTypePrecision>6</dataTypePrecision>
<dataTypeScale>0</dataTypeScale>
<ownDataTypeParameters>,6,0</ownDataTypeParameters>
</Attribute>
<Attribute name="fine_date" id="A1A12F82-DE9C-1CEA-79F8-D188A8B272D6">
<createdBy>Yiwei</createdBy>
<createdTime>2018-04-19 16:21:18 UTC</createdTime>
<comment>when the fine is paid</comment>
<commentInRDBMS>when the fine is paid</commentInRDBMS>
<ownerDesignName>MyModel</ownerDesignName>
<engineerTo>
<item key="B81FE7DB-A7E9-C7CA-2C63-7926A48C7CD0" value="true"/>
</engineerTo>
<nullsAllowed>true</nullsAllowed>
<useDomainConstraints>false</useDomainConstraints>
<use>1</use>
<logicalDatatype>LOGDT007</logicalDatatype>
<ownDataTypeParameters>,,</ownDataTypeParameters>
</Attribute>
</attributes>
<identifiers itemClass="oracle.dbtools.crest.model.design.logical.CandidateKey">
<identifier id="D1485431-C58F-C520-575C-1FA79ACBBCC9" name="FINE PK">
<createdBy>Yiwei</createdBy>
<createdTime>2018-04-19 16:15:49 UTC</createdTime>
<ownerDesignName>MyModel</ownerDesignName>
<shouldEngineer>false</shouldEngineer>
<engineerTo>
<item key="B81FE7DB-A7E9-C7CA-2C63-7926A48C7CD0" value="false"/>
</engineerTo>
<pk>true</pk>
<usedAttributes>
<attributeRef>A3586493-05B3-F3A1-1F77-3BBB44585D7E</attributeRef>
</usedAttributes>
</identifier>
</identifiers>
</Entity>