<?xml version = '1.0' encoding = 'UTF-8'?>
<Diagram class="oracle.dbtools.crest.swingui.relational.DPVRelational" name="Relational_1" id="95A7ED4F-3B2C-0F73-40FD-9E139D1CA614">
<createdBy>Yiwei</createdBy>
<modifiedBy>Yiwei</modifiedBy>
<createdTime>2018-04-19 16:36:47 UTC</createdTime>
<autoRoute>false</autoRoute>
<boxInbox>true</boxInbox>
<showLegend>false</showLegend>
<showLabels>false</showLabels>
<showRelAttributes>false</showRelAttributes>
<gridEnabled>false</gridEnabled>
<showGrid>false</showGrid>
<diagramColor>-1</diagramColor>
<display>false</display>
<notation>1</notation>
<objectViews>
<OView class="oracle.dbtools.crest.swingui.relational.TVTable" oid="1DAC079E-C8C4-D290-3C17-2B8BFC8E3DE2" otype="Table" vid="9CF05F99-9B5B-FB8E-3D02-6D0DC334E946">
<hideElementsInCurrentOnly>false</hideElementsInCurrentOnly>
<bounds x="692" y="885" width="194" height="116"/>
</OView>
<OView class="oracle.dbtools.crest.swingui.relational.TVTable" oid="2BB38EC0-23B3-83FC-41BF-5B4A92AC7623" otype="Table" vid="B1068099-8C62-C0DB-CDBB-1DF156019F98">
<hideElementsInCurrentOnly>false</hideElementsInCurrentOnly>
<bounds x="297" y="876" width="191" height="108"/>
</OView>
<OView class="oracle.dbtools.crest.swingui.relational.TVTable" oid="402BF47D-80E2-CD58-14CC-0B3C4AF59BB6" otype="Table" vid="66D94012-B01B-E069-C9F6-6C19884E002E">
<hideElementsInCurrentOnly>false</hideElementsInCurrentOnly>
<bounds x="75" y="344" width="209" height="192"/>
</OView>
<OView class="oracle.dbtools.crest.swingui.relational.TVTable" oid="44DFFB2D-1B22-E41E-9C89-3A0942C81EC3" otype="Table" vid="363A8C71-5904-67E6-E4C6-7C60AB9B9CDE">
<hideElementsInCurrentOnly>false</hideElementsInCurrentOnly>
<bounds x="1012" y="671" width="254" height="108"/>
</OView>
<OView class="oracle.dbtools.crest.swingui.relational.TVTable" oid="701F9075-461B-FCFB-18FF-0AF3627E7241" otype="Table" vid="FB69353E-317D-C6EB-59C8-421E8F56F9BF">
<hideElementsInCurrentOnly>false</hideElementsInCurrentOnly>
<bounds x="537" y="3" width="178" height="94"/>
</OView>
<OView class="oracle.dbtools.crest.swingui.relational.TVTable" oid="8DCB4674-90D7-CC03-AECF-BEA73FF66145" otype="Table" vid="B78A02E1-FECA-9F8A-F5DD-0594414EA9AE">
<hideElementsInCurrentOnly>false</hideElementsInCurrentOnly>
<bounds x="395" y="495" width="209" height="136"/>
</OView>
<OView class="oracle.dbtools.crest.swingui.relational.TVTable" oid="93354FB7-B468-54B9-FBB3-90DE85263860" otype="Table" vid="B8DF5CBE-16D7-6C7E-C7E7-6ED91C4DD460">
<hideElementsInCurrentOnly>false</hideElementsInCurrentOnly>
<bounds x="372" y="300" width="266" height="136"/>
</OView>
<OView class="oracle.dbtools.crest.swingui.relational.TVTable" oid="A20C6F05-7924-F6FC-BAAA-2A32E9D8E06B" otype="Table" vid="272FE15F-809C-17D9-0166-88D4096B1E4A">
<hideElementsInCurrentOnly>false</hideElementsInCurrentOnly>
<bounds x="349" y="693" width="183" height="74"/>
</OView>
<OView class="oracle.dbtools.crest.swingui.relational.TVTable" oid="A9FD4ADD-1C7B-EB41-B4F3-54BCE4CA7ECC" otype="Table" vid="442E92E5-38E8-AE93-39D9-E7C822C66447">
<hideElementsInCurrentOnly>false</hideElementsInCurrentOnly>
<bounds x="848" y="385" width="193" height="136"/>
</OView>
<OView class="oracle.dbtools.crest.swingui.relational.TVTable" oid="B616669C-E4B2-768A-1BFB-8655A8DB5FA2" otype="Table" vid="F2E9CFB7-A623-B832-1B4D-8A8764BD007F">
<hideElementsInCurrentOnly>false</hideElementsInCurrentOnly>
<bounds x="245" y="16" width="234" height="234"/>
</OView>
<OView class="oracle.dbtools.crest.swingui.relational.TVTable" oid="C097C1D2-EB46-B607-ADB5-063FB8D65679" otype="Table" vid="4D838833-9042-9616-9045-7A530B43E6BC">
<hideElementsInCurrentOnly>false</hideElementsInCurrentOnly>
<bounds x="3" y="105" width="206" height="88"/>
</OView>
<OView class="oracle.dbtools.crest.swingui.relational.TVTable" oid="C2C2BC22-2664-3B4F-37E1-176BD5A1EFF1" otype="Table" vid="DC0D33E1-5288-C360-CEE4-69CEA9930860">
<hideElementsInCurrentOnly>false</hideElementsInCurrentOnly>
<bounds x="60" y="621" width="226" height="142"/>
</OView>
<OView class="oracle.dbtools.crest.swingui.relational.TVTable" oid="C80344A7-B8A4-A780-19FD-1FD97642BE38" otype="Table" vid="F963562C-4524-D882-D429-04903FEAFD1B">
<hideElementsInCurrentOnly>false</hideElementsInCurrentOnly>
<bounds x="651" y="155" width="178" height="108"/>
</OView>
<OView class="oracle.dbtools.crest.swingui.relational.TVTable" oid="D45C3A89-5FC7-7348-1E80-EC69778F0E19" otype="Table" vid="542AA849-32AC-2B8D-C464-DAFD0968CFC6">
<hideElementsInCurrentOnly>false</hideElementsInCurrentOnly>
<bounds x="964" y="42" width="420" height="164"/>
</OView>
<OView class="oracle.dbtools.crest.swingui.relational.TVTable" oid="D7C01863-1F83-FA1D-049A-7A0DCB4D438E" otype="Table" vid="94B9F707-8B63-C284-49E2-0118C3B81409">
<hideElementsInCurrentOnly>false</hideElementsInCurrentOnly>
<bounds x="659" y="609" width="218" height="220"/>
</OView>
<OView class="oracle.dbtools.crest.swingui.relational.TVTable" oid="DBC4D94D-0037-6FBB-BE6E-57C2E9DB0167" otype="Table" vid="94C46476-45A0-C5D6-2422-A87D192CC17F">
<hideElementsInCurrentOnly>false</hideElementsInCurrentOnly>
<bounds x="1074" y="338" width="184" height="60"/>
</OView>
</objectViews>
<connectors>
<Connector class="oracle.dbtools.crest.swingui.relational.TVFKRelation" oid="0655B52B-055A-087D-5232-59113F765530" otype="FKIndexAssociation" vid_source="94B9F707-8B63-C284-49E2-0118C3B81409" vid_target="363A8C71-5904-67E6-E4C6-7C60AB9B9CDE">
<hideElementsInCurrentOnly>false</hideElementsInCurrentOnly>
<backgroundColor>-16777216</backgroundColor>
<lineWidth>1</lineWidth>
<points>
<point x="877" y="740"/>
<point x="1012" y="740"/>
</points>
</Connector>
<Connector class="oracle.dbtools.crest.swingui.relational.TVFKRelation" oid="0BAB14FE-8398-A3BF-4A67-A3E08B350880" otype="FKIndexAssociation" vid_source="9CF05F99-9B5B-FB8E-3D02-6D0DC334E946" vid_target="94B9F707-8B63-C284-49E2-0118C3B81409">
<hideElementsInCurrentOnly>false</hideElementsInCurrentOnly>
<backgroundColor>-16777216</backgroundColor>
<lineWidth>1</lineWidth>
<points>
<point x="784" y="885"/>
<point x="784" y="829"/>
</points>
</Connector>
<Connector class="oracle.dbtools.crest.swingui.relational.TVFKRelation" oid="0E09FFC4-9CAA-818E-8137-52692360D086" otype="FKIndexAssociation" vid_source="66D94012-B01B-E069-C9F6-6C19884E002E" vid_target="DC0D33E1-5288-C360-CEE4-69CEA9930860">
<hideElementsInCurrentOnly>false</hideElementsInCurrentOnly>
<backgroundColor>-16777216</backgroundColor>
<lineWidth>1</lineWidth>
<points>
<point x="179" y="536"/>
<point x="179" y="621"/>
</points>
</Connector>
<Connector class="oracle.dbtools.crest.swingui.relational.TVFKRelation" oid="3787D4B8-9A4A-8B71-220E-FA5552B2ADCC" otype="FKIndexAssociation" vid_source="4D838833-9042-9616-9045-7A530B43E6BC" vid_target="F2E9CFB7-A623-B832-1B4D-8A8764BD007F">
<hideElementsInCurrentOnly>false</hideElementsInCurrentOnly>
<backgroundColor>-16777216</backgroundColor>
<lineWidth>1</lineWidth>
<points>
<point x="209" y="149"/>
<point x="245" y="149"/>
</points>
</Connector>
<Connector class="oracle.dbtools.crest.swingui.relational.TVFKRelation" oid="60703EDD-6685-32D0-86D9-245915F4C3F3" otype="FKIndexAssociation" vid_source="DC0D33E1-5288-C360-CEE4-69CEA9930860" vid_target="66D94012-B01B-E069-C9F6-6C19884E002E">
<hideElementsInCurrentOnly>false</hideElementsInCurrentOnly>
<backgroundColor>-16777216</backgroundColor>
<lineWidth>1</lineWidth>
<points>
<point x="194" y="621"/>
<point x="194" y="536"/>
</points>
</Connector>
<Connector class="oracle.dbtools.crest.swingui.relational.TVFKRelation" oid="61CDAD31-B79D-01C7-CCF6-7B998C6175C2" otype="FKIndexAssociation" vid_source="F2E9CFB7-A623-B832-1B4D-8A8764BD007F" vid_target="542AA849-32AC-2B8D-C464-DAFD0968CFC6">
<hideElementsInCurrentOnly>false</hideElementsInCurrentOnly>
<backgroundColor>-16777216</backgroundColor>
<lineWidth>1</lineWidth>
<points>
<point x="479" y="124"/>
<point x="964" y="124"/>
</points>
</Connector>
<Connector class="oracle.dbtools.crest.swingui.relational.TVFKRelation" oid="66A84F5E-F963-CD71-7ED0-EE04A4AE3E50" otype="FKIndexAssociation" vid_source="442E92E5-38E8-AE93-39D9-E7C822C66447" vid_target="B78A02E1-FECA-9F8A-F5DD-0594414EA9AE">
<hideElementsInCurrentOnly>false</hideElementsInCurrentOnly>
<backgroundColor>-16777216</backgroundColor>
<lineWidth>1</lineWidth>
<points>
<point x="848" y="508"/>
<point x="604" y="508"/>
</points>
</Connector>
<Connector class="oracle.dbtools.crest.swingui.relational.TVFKRelation" oid="71217052-B97C-6599-59AF-5D28FD6BBFFD" otype="FKIndexAssociation" vid_source="272FE15F-809C-17D9-0166-88D4096B1E4A" vid_target="B1068099-8C62-C0DB-CDBB-1DF156019F98">
<hideElementsInCurrentOnly>false</hideElementsInCurrentOnly>
<backgroundColor>-16777216</backgroundColor>
<lineWidth>1</lineWidth>
<points>
<point x="418" y="767"/>
<point x="418" y="876"/>
</points>
</Connector>
<Connector class="oracle.dbtools.crest.swingui.relational.TVFKRelation" oid="893EFB2E-3A47-B2F9-B075-1B199F6BB1B4" otype="FKIndexAssociation" vid_source="B78A02E1-FECA-9F8A-F5DD-0594414EA9AE" vid_target="542AA849-32AC-2B8D-C464-DAFD0968CFC6">
<hideElementsInCurrentOnly>false</hideElementsInCurrentOnly>
<backgroundColor>-16777216</backgroundColor>
<lineWidth>1</lineWidth>
<points>
<point x="603" y="495"/>
<point x="1048" y="206"/>
</points>
</Connector>
<Connector class="oracle.dbtools.crest.swingui.relational.TVFKRelation" oid="C17D08D9-9B53-8BAB-039C-9BE7048EE543" otype="FKIndexAssociation" vid_source="542AA849-32AC-2B8D-C464-DAFD0968CFC6" vid_target="F963562C-4524-D882-D429-04903FEAFD1B">
<hideElementsInCurrentOnly>false</hideElementsInCurrentOnly>
<backgroundColor>-16777216</backgroundColor>
<lineWidth>1</lineWidth>
<points>
<point x="964" y="180"/>
<point x="829" y="180"/>
</points>
</Connector>
<Connector class="oracle.dbtools.crest.swingui.relational.TVFKRelation" oid="C59EF7A3-3A75-C632-495E-C9FD1262BF64" otype="FKIndexAssociation" vid_source="66D94012-B01B-E069-C9F6-6C19884E002E" vid_target="B78A02E1-FECA-9F8A-F5DD-0594414EA9AE">
<hideElementsInCurrentOnly>false</hideElementsInCurrentOnly>
<backgroundColor>-16777216</backgroundColor>
<lineWidth>1</lineWidth>
<points>
<point x="284" y="515"/>
<point x="395" y="515"/>
</points>
</Connector>
<Connector class="oracle.dbtools.crest.swingui.relational.TVFKRelation" oid="D14E6131-4EE0-B305-48F9-C4A6102766DD" otype="FKIndexAssociation" vid_source="94C46476-45A0-C5D6-2422-A87D192CC17F" vid_target="363A8C71-5904-67E6-E4C6-7C60AB9B9CDE">
<hideElementsInCurrentOnly>false</hideElementsInCurrentOnly>
<backgroundColor>-16777216</backgroundColor>
<lineWidth>1</lineWidth>
<points>
<point x="1166" y="398"/>
<point x="1166" y="671"/>
</points>
</Connector>
<Connector class="oracle.dbtools.crest.swingui.relational.TVFKRelation" oid="D6020BCD-9312-B80A-0707-28318DE3FF74" otype="FKIndexAssociation" vid_source="94B9F707-8B63-C284-49E2-0118C3B81409" vid_target="442E92E5-38E8-AE93-39D9-E7C822C66447">
<hideElementsInCurrentOnly>false</hideElementsInCurrentOnly>
<backgroundColor>-16777216</backgroundColor>
<lineWidth>1</lineWidth>
<points>
<point x="862" y="609"/>
<point x="862" y="521"/>
</points>
</Connector>
<Connector class="oracle.dbtools.crest.swingui.relational.TVFKRelation" oid="DDD5009F-B503-2E7C-0ED3-229DE077594B" otype="FKIndexAssociation" vid_source="94B9F707-8B63-C284-49E2-0118C3B81409" vid_target="B1068099-8C62-C0DB-CDBB-1DF156019F98">
<hideElementsInCurrentOnly>false</hideElementsInCurrentOnly>
<backgroundColor>-16777216</backgroundColor>
<lineWidth>1</lineWidth>
<points>
<point x="659" y="780"/>
<point x="488" y="876"/>
</points>
</Connector>
<Connector class="oracle.dbtools.crest.swingui.relational.TVFKRelation" oid="DE61FA1E-C37D-D043-80F1-B4FA32BCFEAA" otype="FKIndexAssociation" vid_source="542AA849-32AC-2B8D-C464-DAFD0968CFC6" vid_target="FB69353E-317D-C6EB-59C8-421E8F56F9BF">
<hideElementsInCurrentOnly>false</hideElementsInCurrentOnly>
<backgroundColor>-16777216</backgroundColor>
<lineWidth>1</lineWidth>
<points>
<point x="964" y="69"/>
<point x="715" y="69"/>
</points>
</Connector>
<Connector class="oracle.dbtools.crest.swingui.relational.TVFKRelation" oid="E4330E18-363B-604A-854A-783E1AF1B941" otype="FKIndexAssociation" vid_source="F2E9CFB7-A623-B832-1B4D-8A8764BD007F" vid_target="B8DF5CBE-16D7-6C7E-C7E7-6ED91C4DD460">
<hideElementsInCurrentOnly>false</hideElementsInCurrentOnly>
<backgroundColor>-16777216</backgroundColor>
<lineWidth>1</lineWidth>
<points>
<point x="425" y="250"/>
<point x="425" y="300"/>
</points>
</Connector>
<Connector class="oracle.dbtools.crest.swingui.relational.TVFKRelation" oid="F5AF3B6E-0FFF-6825-2256-E130C327D04F" otype="FKIndexAssociation" vid_source="66D94012-B01B-E069-C9F6-6C19884E002E" vid_target="F2E9CFB7-A623-B832-1B4D-8A8764BD007F">
<hideElementsInCurrentOnly>false</hideElementsInCurrentOnly>
<backgroundColor>-16777216</backgroundColor>
<lineWidth>1</lineWidth>
<points>
<point x="279" y="344"/>
<point x="279" y="250"/>
</points>
</Connector>
<Connector class="oracle.dbtools.crest.swingui.relational.TVFKRelation" oid="FA9FC32C-AEA5-5F78-4E77-46E2350FEFAD" otype="FKIndexAssociation" vid_source="B78A02E1-FECA-9F8A-F5DD-0594414EA9AE" vid_target="B8DF5CBE-16D7-6C7E-C7E7-6ED91C4DD460">
<hideElementsInCurrentOnly>false</hideElementsInCurrentOnly>
<backgroundColor>-16777216</backgroundColor>
<lineWidth>1</lineWidth>
<points>
<point x="499" y="495"/>
<point x="499" y="436"/>
</points>
</Connector>
</connectors>
</Diagram>