<?xml version = '1.0' encoding = 'UTF-8'?>
<Relation class="oracle.dbtools.crest.model.design.logical.Relation" name="Relation_16" directorySegmentName="seg_0" id="21602BD2-EEF7-FE09-03BD-42D35671BDE0">
<createdBy>Yiwei</createdBy>
<createdTime>2018-04-19 16:01:58 UTC</createdTime>
<ownerDesignName>MyModel</ownerDesignName>
<engineerTo>
<item key="B81FE7DB-A7E9-C7CA-2C63-7926A48C7CD0" value="true"/>
</engineerTo>
<sourcePk>7558C31D-65C2-F495-5F25-2FE33DCD7FDD</sourcePk>
<identifying>false</identifying>
<nameOnSource>is for</nameOnSource>
<nameOnTarget>includes</nameOnTarget>
<optionalSource>true</optionalSource>
<optionalTarget>false</optionalTarget>
<sourceCardinality>1</sourceCardinality>
<sourceEntity>EA3DCC71-E48F-7592-C8C3-3B4E8EAD5C9E</sourceEntity>
<targetCardinalityString>*</targetCardinalityString>
<targetEntity>044D6DF8-1B24-C16F-2DC2-420A3CD5675A</targetEntity>
<transferable>true</transferable>
<deleteRule>NO ACTION</deleteRule>
</Relation>