<?xml version = '1.0' encoding = 'UTF-8'?>
<Relation class="oracle.dbtools.crest.model.design.logical.Relation" name="borrower_branch" directorySegmentName="seg_0" id="4CF7204D-E88C-5B29-490E-138F3A61056A">
<createdBy>Yiwei</createdBy>
<createdTime>2018-04-19 15:17:51 UTC</createdTime>
<ownerDesignName>MyModel</ownerDesignName>
<engineerTo>
<item key="B81FE7DB-A7E9-C7CA-2C63-7926A48C7CD0" value="true"/>
</engineerTo>
<targetPk>C5FEEE0A-6437-585F-C614-07D3C17BA257</targetPk>
<identifying>false</identifying>
<nameOnSource>is for</nameOnSource>
<nameOnTarget>home</nameOnTarget>
<optionalSource>false</optionalSource>
<optionalTarget>true</optionalTarget>
<sourceCardinality>*</sourceCardinality>
<sourceEntity>54BFCD80-FA00-6BA3-E515-914E2EF372F3</sourceEntity>
<targetCardinalityString>1</targetCardinalityString>
<targetEntity>7EB0C755-A8AC-8E1E-6263-7B90B12BF7C6</targetEntity>
<transferable>true</transferable>
<deleteRule>NO ACTION</deleteRule>
</Relation>