<?xml version = '1.0' encoding = 'UTF-8'?>
<Relation class="oracle.dbtools.crest.model.design.logical.Relation" name="Relation_19" directorySegmentName="seg_0" id="51A0116B-56A8-07C3-806D-178FA7E4C742">
<createdBy>Yiwei</createdBy>
<createdTime>2018-04-19 16:15:26 UTC</createdTime>
<ownerDesignName>MyModel</ownerDesignName>
<engineerTo>
<item key="B81FE7DB-A7E9-C7CA-2C63-7926A48C7CD0" value="true"/>
</engineerTo>
<sourcePk>1B42D5AD-250D-2AAF-3971-16EBB865A9F8</sourcePk>
<identifying>true</identifying>
<nameOnSource>pay</nameOnSource>
<nameOnTarget>for</nameOnTarget>
<optionalSource>true</optionalSource>
<optionalTarget>false</optionalTarget>
<sourceCardinality>1</sourceCardinality>
<sourceEntity>044D6DF8-1B24-C16F-2DC2-420A3CD5675A</sourceEntity>
<targetCardinalityString>1</targetCardinalityString>
<targetEntity>EDDDD24F-3A5E-309A-2A03-746F1B277C17</targetEntity>
<transferable>true</transferable>
<deleteRule>NO ACTION</deleteRule>
</Relation>