<?xml version = '1.0' encoding = 'UTF-8'?>
<Relation class="oracle.dbtools.crest.model.design.logical.Relation" name="Relation_7" directorySegmentName="seg_0" id="8EE334EA-EC38-A628-111A-FD8B0983D32F">
<createdBy>Yiwei</createdBy>
<createdTime>2018-04-19 15:23:40 UTC</createdTime>
<ownerDesignName>MyModel</ownerDesignName>
<sourcePk>9CB5680C-4573-A5EB-A1A7-6A73AD401DB1</sourcePk>
<identifying>true</identifying>
<nameOnSource>writes</nameOnSource>
<nameOnTarget>for</nameOnTarget>
<optionalSource>false</optionalSource>
<optionalTarget>false</optionalTarget>
<sourceCardinality>1</sourceCardinality>
<sourceEntity>E4AEF2EC-753D-49A2-6E19-19A2B306815B</sourceEntity>
<targetCardinalityString>*</targetCardinalityString>
<targetEntity>0640F50E-BE1B-9913-BFE4-861319A6EFA6</targetEntity>
<transferable>true</transferable>
<deleteRule>NO ACTION</deleteRule>
</Relation>