<?xml version = '1.0' encoding = 'UTF-8'?>
<Relation class="oracle.dbtools.crest.model.design.logical.Relation" name="instore" directorySegmentName="seg_0" id="9902123A-EE87-1800-6284-01D5C7AE8C89">
<createdBy>Yiwei</createdBy>
<createdTime>2018-04-21 16:17:42 UTC</createdTime>
<ownerDesignName>MyModel</ownerDesignName>
<engineerTo>
<item key="B81FE7DB-A7E9-C7CA-2C63-7926A48C7CD0" value="true"/>
</engineerTo>
<sourcePk>C5FEEE0A-6437-585F-C614-07D3C17BA257</sourcePk>
<identifying>false</identifying>
<nameOnSource>instores</nameOnSource>
<nameOnTarget>is for</nameOnTarget>
<optionalSource>true</optionalSource>
<optionalTarget>false</optionalTarget>
<sourceCardinality>1</sourceCardinality>
<sourceEntity>7EB0C755-A8AC-8E1E-6263-7B90B12BF7C6</sourceEntity>
<targetCardinalityString>*</targetCardinalityString>
<targetEntity>EA3DCC71-E48F-7592-C8C3-3B4E8EAD5C9E</targetEntity>
<transferable>true</transferable>
<deleteRule>NO ACTION</deleteRule>
</Relation>