<?xml version = '1.0' encoding = 'UTF-8'?>
<Relation class="oracle.dbtools.crest.model.design.logical.Relation" name="Relation_20" directorySegmentName="seg_0" id="9A3BD83A-1943-C104-15A9-38A50DD3BEC6">
<createdBy>Yiwei</createdBy>
<createdTime>2018-04-19 16:22:29 UTC</createdTime>
<ownerDesignName>MyModel</ownerDesignName>
<sourcePk>632FFFEA-080A-45EB-40BA-5E8E5A9EC9AF</sourcePk>
<identifying>true</identifying>
<nameOnSource>reserve</nameOnSource>
<nameOnTarget>by</nameOnTarget>
<optionalSource>true</optionalSource>
<optionalTarget>false</optionalTarget>
<sourceCardinality>1</sourceCardinality>
<sourceEntity>54BFCD80-FA00-6BA3-E515-914E2EF372F3</sourceEntity>
<targetCardinalityString>*</targetCardinalityString>
<targetEntity>CA6B8E05-25BB-F766-4F57-3FAD4F14176B</targetEntity>
<transferable>true</transferable>
<deleteRule>NO ACTION</deleteRule>
</Relation>