<?xml version = '1.0' encoding = 'UTF-8'?>
<Relation class="oracle.dbtools.crest.model.design.logical.Relation" name="Relation_2" directorySegmentName="seg_0" id="9C8DA341-42B1-414C-4CE7-F0C8B6AFED67">
<createdBy>Yiwei</createdBy>
<createdTime>2018-04-19 15:13:23 UTC</createdTime>
<ownerDesignName>MyModel</ownerDesignName>
<engineerTo>
<item key="B81FE7DB-A7E9-C7CA-2C63-7926A48C7CD0" value="true"/>
</engineerTo>
<sourcePk>C5FEEE0A-6437-585F-C614-07D3C17BA257</sourcePk>
<identifying>false</identifying>
<nameOnSource>home</nameOnSource>
<nameOnTarget>is for</nameOnTarget>
<optionalSource>true</optionalSource>
<optionalTarget>false</optionalTarget>
<sourceCardinality>1</sourceCardinality>
<sourceEntity>7EB0C755-A8AC-8E1E-6263-7B90B12BF7C6</sourceEntity>
<targetCardinalityString>*</targetCardinalityString>
<targetEntity>56678407-3BE9-672D-3413-49DD11CA5FB5</targetEntity>
<transferable>true</transferable>
<deleteRule>NO ACTION</deleteRule>
</Relation>