<?xml version = '1.0' encoding = 'UTF-8'?>
<Relation class="oracle.dbtools.crest.model.design.logical.Relation" name="manages" directorySegmentName="seg_0" id="A009F4EE-EBE6-6282-06A3-4F123E7AEEAA">
<createdBy>Yiwei</createdBy>
<createdTime>2018-04-19 15:09:34 UTC</createdTime>
<ownerDesignName>MyModel</ownerDesignName>
<sourcePk>A25AE74F-019A-A75B-863A-4D6F36189D83</sourcePk>
<targetPk>C5FEEE0A-6437-585F-C614-07D3C17BA257</targetPk>
<identifying>false</identifying>
<nameOnSource>manages</nameOnSource>
<nameOnTarget>is for</nameOnTarget>
<optionalSource>false</optionalSource>
<optionalTarget>false</optionalTarget>
<sourceCardinality>1</sourceCardinality>
<sourceEntity>56678407-3BE9-672D-3413-49DD11CA5FB5</sourceEntity>
<targetCardinalityString>*</targetCardinalityString>
<targetEntity>7EB0C755-A8AC-8E1E-6263-7B90B12BF7C6</targetEntity>
<transferable>true</transferable>
<deleteRule>NO ACTION</deleteRule>
</Relation>