<?xml version = '1.0' encoding = 'UTF-8'?>
<Relation class="oracle.dbtools.crest.model.design.logical.Relation" name="Relation_17" directorySegmentName="seg_0" id="AC04EC44-4170-5D8D-0066-2685D2D5AE24">
<createdBy>Yiwei</createdBy>
<createdTime>2018-04-19 16:03:32 UTC</createdTime>
<ownerDesignName>MyModel</ownerDesignName>
<engineerTo>
<item key="B81FE7DB-A7E9-C7CA-2C63-7926A48C7CD0" value="true"/>
</engineerTo>
<sourcePk>1B42D5AD-250D-2AAF-3971-16EBB865A9F8</sourcePk>
<identifying>true</identifying>
<nameOnSource>returns</nameOnSource>
<nameOnTarget>is for</nameOnTarget>
<optionalSource>true</optionalSource>
<optionalTarget>false</optionalTarget>
<sourceCardinality>1</sourceCardinality>
<sourceEntity>044D6DF8-1B24-C16F-2DC2-420A3CD5675A</sourceEntity>
<targetCardinalityString>1</targetCardinalityString>
<targetEntity>37FCE66D-5A0C-86D1-32CF-9C32D9CAC9F9</targetEntity>
<transferable>true</transferable>
<deleteRule>NO ACTION</deleteRule>
</Relation>