<?xml version = '1.0' encoding = 'UTF-8'?>
<Relation class="oracle.dbtools.crest.model.design.logical.Relation" name="Relation_15" directorySegmentName="seg_0" id="AF95763E-460D-767E-71B2-22E8F63CBA89">
<createdBy>Yiwei</createdBy>
<createdTime>2018-04-19 15:54:55 UTC</createdTime>
<ownerDesignName>MyModel</ownerDesignName>
<sourcePk>632FFFEA-080A-45EB-40BA-5E8E5A9EC9AF</sourcePk>
<identifying>false</identifying>
<nameOnSource>borrows</nameOnSource>
<nameOnTarget>is for</nameOnTarget>
<optionalSource>true</optionalSource>
<optionalTarget>false</optionalTarget>
<sourceCardinality>1</sourceCardinality>
<sourceEntity>54BFCD80-FA00-6BA3-E515-914E2EF372F3</sourceEntity>
<targetCardinalityString>*</targetCardinalityString>
<targetEntity>044D6DF8-1B24-C16F-2DC2-420A3CD5675A</targetEntity>
<transferable>true</transferable>
<deleteRule>NO ACTION</deleteRule>
</Relation>