<?xml version = '1.0' encoding = 'UTF-8'?>
<Relation class="oracle.dbtools.crest.model.design.logical.Relation" name="Relation_9" directorySegmentName="seg_0" id="B61921EE-1DE4-8DB5-32F6-EDDD3FD2F77D">
<createdBy>Yiwei</createdBy>
<createdTime>2018-04-19 15:28:40 UTC</createdTime>
<ownerDesignName>MyModel</ownerDesignName>
<engineerTo>
<item key="B81FE7DB-A7E9-C7CA-2C63-7926A48C7CD0" value="true"/>
</engineerTo>
<sourcePk>168C20B2-EE95-4053-A6B0-1EB7425BA9A6</sourcePk>
<identifying>true</identifying>
<nameOnSource>participates</nameOnSource>
<nameOnTarget>has</nameOnTarget>
<optionalSource>false</optionalSource>
<optionalTarget>false</optionalTarget>
<sourceCardinality>1</sourceCardinality>
<sourceEntity>02F17912-CF7C-049D-C771-4DF725848B7F</sourceEntity>
<targetCardinalityString>*</targetCardinalityString>
<targetEntity>1F082333-D833-4C66-9C28-D9092C8176A4</targetEntity>
<transferable>true</transferable>
<deleteRule>NO ACTION</deleteRule>
</Relation>