<?xml version = '1.0' encoding = 'UTF-8'?>
<Relation class="oracle.dbtools.crest.model.design.logical.Relation" name="Relation_18" directorySegmentName="seg_0" id="BEE939A1-9259-E2F3-D804-218D6334D52A">
<createdBy>Yiwei</createdBy>
<createdTime>2018-04-19 16:13:56 UTC</createdTime>
<ownerDesignName>MyModel</ownerDesignName>
<sourcePk>55BCF620-0CD0-9B2C-6945-26E3D77AB71A</sourcePk>
<identifying>false</identifying>
<nameOnSource>has</nameOnSource>
<nameOnTarget>be classified as</nameOnTarget>
<optionalSource>true</optionalSource>
<optionalTarget>false</optionalTarget>
<sourceCardinality>1</sourceCardinality>
<sourceEntity>A912E2D3-517E-1812-C82E-08A99118C206</sourceEntity>
<targetCardinalityString>*</targetCardinalityString>
<targetEntity>54BFCD80-FA00-6BA3-E515-914E2EF372F3</targetEntity>
<transferable>true</transferable>
<deleteRule>NO ACTION</deleteRule>
</Relation>