<?xml version = '1.0' encoding = 'UTF-8'?>
<Relation class="oracle.dbtools.crest.model.design.logical.Relation" name="publish" directorySegmentName="seg_0" id="C0C89402-FDE3-A39F-23F0-172C35B6233A">
<createdBy>Yiwei</createdBy>
<createdTime>2018-04-21 16:16:17 UTC</createdTime>
<ownerDesignName>MyModel</ownerDesignName>
<engineerTo>
<item key="B81FE7DB-A7E9-C7CA-2C63-7926A48C7CD0" value="true"/>
</engineerTo>
<sourcePk>80CFA986-4997-2CEA-DAC8-2A98312CDD9B</sourcePk>
<identifying>false</identifying>
<nameOnSource>publishes</nameOnSource>
<nameOnTarget>is for</nameOnTarget>
<optionalSource>false</optionalSource>
<optionalTarget>false</optionalTarget>
<sourceCardinality>1</sourceCardinality>
<sourceEntity>E144AE6E-A0E3-7F06-3AB0-60C19B471E18</sourceEntity>
<targetCardinalityString>*</targetCardinalityString>
<targetEntity>8149BB00-4CFA-ABD2-273D-BF7BC56B1F28</targetEntity>
<transferable>true</transferable>
<deleteRule>NO ACTION</deleteRule>
</Relation>