<?xml version = '1.0' encoding = 'UTF-8'?>
<Relation class="oracle.dbtools.crest.model.design.logical.Relation" name="Relation_21" directorySegmentName="seg_0" id="CBC414DA-5DD9-F0DA-8826-58529D47D12D">
<createdBy>Yiwei</createdBy>
<createdTime>2018-04-19 16:23:08 UTC</createdTime>
<ownerDesignName>MyModel</ownerDesignName>
<engineerTo>
<item key="B81FE7DB-A7E9-C7CA-2C63-7926A48C7CD0" value="true"/>
</engineerTo>
<sourcePk>7558C31D-65C2-F495-5F25-2FE33DCD7FDD</sourcePk>
<identifying>true</identifying>
<nameOnSource>is for</nameOnSource>
<nameOnTarget>contains</nameOnTarget>
<optionalSource>true</optionalSource>
<optionalTarget>false</optionalTarget>
<sourceCardinality>1</sourceCardinality>
<sourceEntity>EA3DCC71-E48F-7592-C8C3-3B4E8EAD5C9E</sourceEntity>
<targetCardinalityString>*</targetCardinalityString>
<targetEntity>CA6B8E05-25BB-F766-4F57-3FAD4F14176B</targetEntity>
<transferable>true</transferable>
<deleteRule>NO ACTION</deleteRule>
</Relation>