<?xml version = '1.0' encoding = 'UTF-8'?>
<Relation class="oracle.dbtools.crest.model.design.logical.Relation" name="Relation_6" directorySegmentName="seg_0" id="CE80E947-E456-BBD7-3219-1C21E26E330B">
<createdBy>Yiwei</createdBy>
<createdTime>2018-04-19 15:21:14 UTC</createdTime>
<ownerDesignName>MyModel</ownerDesignName>
<sourcePk>EE108E8B-4116-7363-9957-0D81519F2D67</sourcePk>
<identifying>true</identifying>
<nameOnSource>written</nameOnSource>
<nameOnTarget>for</nameOnTarget>
<optionalSource>false</optionalSource>
<optionalTarget>false</optionalTarget>
<sourceCardinality>1</sourceCardinality>
<sourceEntity>8149BB00-4CFA-ABD2-273D-BF7BC56B1F28</sourceEntity>
<targetCardinalityString>*</targetCardinalityString>
<targetEntity>0640F50E-BE1B-9913-BFE4-861319A6EFA6</targetEntity>
<transferable>true</transferable>
<deleteRule>NO ACTION</deleteRule>
</Relation>