<?xml version = '1.0' encoding = 'UTF-8'?>
<Relation class="oracle.dbtools.crest.model.design.logical.Relation" name="Relation_8" directorySegmentName="seg_0" id="D4A4AE4E-5C7C-A17B-AE52-34FAB39A8293">
<createdBy>Yiwei</createdBy>
<createdTime>2018-04-19 15:26:01 UTC</createdTime>
<ownerDesignName>MyModel</ownerDesignName>
<sourcePk>EE108E8B-4116-7363-9957-0D81519F2D67</sourcePk>
<identifying>true</identifying>
<nameOnSource>contains</nameOnSource>
<nameOnTarget>has</nameOnTarget>
<optionalSource>false</optionalSource>
<optionalTarget>false</optionalTarget>
<sourceCardinality>1</sourceCardinality>
<sourceEntity>8149BB00-4CFA-ABD2-273D-BF7BC56B1F28</sourceEntity>
<targetCardinalityString>*</targetCardinalityString>
<targetEntity>1F082333-D833-4C66-9C28-D9092C8176A4</targetEntity>
<transferable>true</transferable>
<deleteRule>NO ACTION</deleteRule>
</Relation>