<?xml version = '1.0' encoding = 'UTF-8'?>
<Relation class="oracle.dbtools.crest.model.design.logical.Relation" name="Relation_11" directorySegmentName="seg_0" id="D5E188E6-4CC1-EA50-F899-755F800C3693">
<createdBy>Yiwei</createdBy>
<createdTime>2018-04-19 15:41:16 UTC</createdTime>
<ownerDesignName>MyModel</ownerDesignName>
<sourcePk>EE108E8B-4116-7363-9957-0D81519F2D67</sourcePk>
<identifying>false</identifying>
<nameOnSource>has</nameOnSource>
<nameOnTarget>is for</nameOnTarget>
<optionalSource>false</optionalSource>
<optionalTarget>false</optionalTarget>
<sourceCardinality>1</sourceCardinality>
<sourceEntity>8149BB00-4CFA-ABD2-273D-BF7BC56B1F28</sourceEntity>
<targetCardinalityString>*</targetCardinalityString>
<targetEntity>35637460-59CA-FC1C-B86B-163773E50A63</targetEntity>
<transferable>true</transferable>
<deleteRule>NO ACTION</deleteRule>
</Relation>