<?xml version = '1.0' encoding = 'UTF-8'?>
<Relation class="oracle.dbtools.crest.model.design.logical.Relation" name="Relation_14" directorySegmentName="seg_0" id="EC7F8A61-B429-ED1C-67DC-AF342F2B41BC">
<createdBy>Yiwei</createdBy>
<createdTime>2018-04-19 15:42:54 UTC</createdTime>
<ownerDesignName>MyModel</ownerDesignName>
<sourcePk>67B2D6B6-DEE7-6FDF-B689-E531759FBDEA</sourcePk>
<identifying>false</identifying>
<nameOnSource>has</nameOnSource>
<nameOnTarget>is for</nameOnTarget>
<optionalSource>false</optionalSource>
<optionalTarget>false</optionalTarget>
<sourceCardinality>1</sourceCardinality>
<sourceEntity>35637460-59CA-FC1C-B86B-163773E50A63</sourceEntity>
<targetCardinalityString>*</targetCardinalityString>
<targetEntity>EA3DCC71-E48F-7592-C8C3-3B4E8EAD5C9E</targetEntity>
<transferable>true</transferable>
<deleteRule>NO ACTION</deleteRule>
</Relation>